episode,step,task,action_x,action_y,action_z,action_gripper,ee_x,ee_y,ee_z,ee_vx,ee_vy,ee_vz,cube_x,cube_y,cube_z,active_target_name,active_target_index,target_x,target_y,target_z,dist_ee_cube,dist_cube_target,reward,success,joint_1,joint_2,joint_3,joint_4,joint_5,joint_6,joint_7,joint_vel_1,joint_vel_2,joint_vel_3,joint_vel_4,joint_vel_5,joint_vel_6,joint_vel_7,cube_roll,cube_pitch,cube_yaw,cube_vx,cube_vy,cube_vz,goal_0_x,goal_0_y,goal_0_z,dist_goal_0,goal_1_x,goal_1_y,goal_1_z,dist_goal_1,goal_2_x,goal_2_y,goal_2_z,dist_goal_2,goal_3_x,goal_3_y,goal_3_z,dist_goal_3,target_changed,timestep
1,1,PUSH,-0.603,0.0,-0.798,0.0,0.025,0.0,0.168,-0.518,-0.0,-0.882,0.03,0.0,0.02,target,0,0.15,0.0,0.02,0.1484,0.12,-0.12,False,-0.0,0.42,0.0,-1.93,-0.0,2.36,0.79,-0.0,0.59,0.0,-1.37,-0.01,0.75,-0.03,0.0,-0.0,-0.0,-0.0,0.0,-0.0,0.15000000596046448,0.0,0.019999999552965164,0.12000000596046448,0.15000000596046448,0.10000000149011612,0.019999999552965164,0.15620499905103785,-0.10000000149011612,0.0,0.019999999552965164,0.13000000149011612,-0.10000000149011612,0.10000000149011612,0.019999999552965164,0.16401219675820886,True,0
1,2,PUSH,-0.681,-0.0,-0.732,0.0,-0.0,0.0,0.131,-0.322,-0.0,-0.578,0.03,0.0,0.02,target,0,0.15,0.0,0.02,0.1146,0.12,-0.12,False,-0.0,0.43,0.0,-2.03,-0.0,2.44,0.79,-0.0,0.56,-0.0,-0.76,-0.0,0.65,-0.0,0.0,-0.0,-0.0,-0.0,0.0,-0.0,0.15000000596046448,0.0,0.019999999552965164,0.12000000596046448,0.15000000596046448,0.10000000149011612,0.019999999552965164,0.15620499905103785,-0.10000000149011612,0.0,0.019999999552965164,0.13000000149011612,-0.10000000149011612,0.10000000149011612,0.019999999552965164,0.16401219675820886,False,1
1,3,PUSH,-0.882,-0.0,-0.471,0.0,-0.031,-0.0,0.108,-0.445,-0.0,-0.248,0.03,0.0,0.02,target,0,0.15,0.0,0.02,0.1075,0.12,-0.12,False,-0.0,0.4,0.0,-2.15,-0.0,2.54,0.79,-0.0,-0.38,0.0,-1.43,-0.01,0.77,-0.0,0.0,-0.0,-0.0,-0.0,0.0,-0.0,0.15000000596046448,0.0,0.019999999552965164,0.12000000596046448,0.15000000596046448,0.10000000149011612,0.019999999552965164,0.15620499905103785,-0.10000000149011612,0.0,0.019999999552965164,0.13000000149011612,-0.10000000149011612,0.10000000149011612,0.019999999552965164,0.16401219675820886,False,2
1,4,PUSH,0.693,0.0,0.721,0.0,-0.034,0.0,0.115,1.027,0.0,0.764,0.03,0.0,0.02,target,0,0.15,0.0,0.02,0.1146,0.12,-0.12,False,-0.0,0.39,0.0,-2.11,-0.0,2.45,0.79,0.0,0.24,0.0,2.59,0.01,-0.71,-0.0,0.0,-0.0,-0.0,-0.0,0.0,-0.0,0.15000000596046448,0.0,0.019999999552965164,0.12000000596046448,0.15000000596046448,0.10000000149011612,0.019999999552965164,0.15620499905103785,-0.10000000149011612,0.0,0.019999999552965164,0.13000000149011612,-0.10000000149011612,0.10000000149011612,0.019999999552965164,0.16401219675820886,False,3
1,5,PUSH,0.042,-0.0,-0.297,0.0,-0.015,0.0,0.115,-0.687,0.0,-0.746,0.03,0.0,0.02,target,0,0.15,0.0,0.02,0.1051,0.12,-0.12,False,-0.0,0.41,0.0,-2.11,-0.0,2.55,0.79,-0.0,0.33,0.0,-1.62,-0.01,0.75,0.0,0.0,-0.0,-0.0,-0.0,0.0,-0.0,0.15000000596046448,0.0,0.019999999552965164,0.12000000596046448,0.15000000596046448,0.10000000149011612,0.019999999552965164,0.15620499905103785,-0.10000000149011612,0.0,0.019999999552965164,0.13000000149011612,-0.10000000149011612,0.10000000149011612,0.019999999552965164,0.16401219675820886,False,4
1,6,PUSH,-0.015,0.0,-0.3,0.0,-0.021,0.0,0.093,-0.032,-0.0,-0.219,0.03,0.0,0.02,target,0,0.15,0.0,0.02,0.0894,0.12,-0.12,False,-0.0,0.45,0.0,-2.1,-0.0,2.54,0.79,0.0,0.49,-0.0,0.18,-0.0,-0.01,-0.0,0.0,-0.0,-0.0,-0.0,0.0,-0.0,0.15000000596046448,0.0,0.019999999552965164,0.12000000596046448,0.15000000596046448,0.10000000149011612,0.019999999552965164,0.15620499905103785,-0.10000000149011612,0.0,0.019999999552965164,0.13000000149011612,-0.10000000149011612,0.10000000149011612,0.019999999552965164,0.16401219675820886,False,5
1,7,PUSH,0.005,0.0,-0.3,0.0,-0.021,-0.0,0.079,-0.004,-0.0,-0.111,0.03,0.0,0.02,target,0,0.15,0.0,0.02,0.0784,0.12,-0.12,False,-0.0,0.48,0.0,-2.11,-0.0,2.58,0.79,0.0,0.22,-0.0,-0.03,-0.0,0.31,0.0,-0.0,-0.0,-0.0,0.0,-0.0,0.0,0.15000000596046448,0.0,0.019999999552965164,0.12000000596046448,0.15000000596046448,0.10000000149011612,0.019999999552965164,0.15620499905103785,-0.10000000149011612,0.0,0.019999999552965164,0.13000000149011612,-0.10000000149011612,0.10000000149011612,0.019999999552965164,0.16401219675820886,False,6
1,8,PUSH,0.006,0.0,-0.3,0.0,-0.021,-0.0,0.066,-0.023,-0.0,-0.145,0.03,0.0,0.02,target,0,0.15,0.0,0.02,0.0691,0.12,-0.12,False,-0.0,0.51,0.0,-2.1,-0.0,2.61,0.79,0.0,0.3,-0.0,0.02,-0.0,0.22,0.0,-0.0,-0.0,-0.0,0.0,-0.0,0.0,0.15000000596046448,0.0,0.019999999552965164,0.12000000596046448,0.15000000596046448,0.10000000149011612,0.019999999552965164,0.15620499905103785,-0.10000000149011612,0.0,0.019999999552965164,0.13000000149011612,-0.10000000149011612,0.10000000149011612,0.019999999552965164,0.16401219675820886,False,7
1,9,PUSH,0.009,0.0,-0.3,0.0,-0.022,-0.0,0.052,-0.027,-0.0,-0.149,0.03,0.0,0.02,target,0,0.15,0.0,0.02,0.0612,0.12,-0.12,False,-0.0,0.54,0.0,-2.1,-0.0,2.64,0.79,0.0,0.31,-0.0,0.04,-0.0,0.19,0.0,-0.0,-0.0,-0.0,0.0,-0.0,0.0,0.15000000596046448,0.0,0.019999999552965164,0.12000000596046448,0.15000000596046448,0.10000000149011612,0.019999999552965164,0.15620499905103785,-0.10000000149011612,0.0,0.019999999552965164,0.13000000149011612,-0.10000000149011612,0.10000000149011612,0.019999999552965164,0.16401219675820886,False,8
1,10,PUSH,0.018,0.0,-0.299,0.0,-0.022,-0.0,0.038,-0.03,-0.0,-0.157,0.03,0.0,0.02,target,0,0.15,0.0,0.02,0.0555,0.12,-0.12,False,-0.0,0.57,0.0,-2.09,-0.0,2.66,0.79,0.0,0.33,-0.0,0.05,-0.0,0.19,0.0,-0.0,-0.0,-0.0,0.0,0.0,0.0,0.15000000596046448,0.0,0.019999999552965164,0.12000000596046448,0.15000000596046448,0.10000000149011612,0.019999999552965164,0.15620499905103785,-0.10000000149011612,0.0,0.019999999552965164,0.13000000149011612,-0.10000000149011612,0.10000000149011612,0.019999999552965164,0.16401219675820886,False,9
1,11,PUSH,0.038,0.0,-0.298,0.0,-0.022,-0.0,0.025,-0.026,0.0,-0.157,0.03,0.0,0.02,target,0,0.15,0.0,0.02,0.0523,0.12,-0.12,False,-0.0,0.61,0.0,-2.08,-0.0,2.69,0.79,0.0,0.35,-0.0,0.08,-0.0,0.18,0.0,-0.0,-0.0,-0.0,0.0,0.0,0.0,0.15000000596046448,0.0,0.019999999552965164,0.12000000596046448,0.15000000596046448,0.10000000149011612,0.019999999552965164,0.15620499905103785,-0.10000000149011612,0.0,0.019999999552965164,0.13000000149011612,-0.10000000149011612,0.10000000149011612,0.019999999552965164,0.16401219675820886,False,10
1,12,PUSH,0.3,0.0,-0.008,0.0,-0.013,-0.0,0.023,0.134,-0.0,0.068,0.03,0.0,0.02,target,0,0.15,0.0,0.02,0.0427,0.12,-0.12,False,-0.0,0.63,0.0,-2.04,-0.0,2.67,0.79,0.0,0.06,-0.0,0.35,0.0,-0.13,-0.0,-0.0,-0.0,-0.0,0.0,-0.0,0.0,0.15000000596046448,0.0,0.019999999552965164,0.12000000596046448,0.15000000596046448,0.10000000149011612,0.019999999552965164,0.15620499905103785,-0.10000000149011612,0.0,0.019999999552965164,0.13000000149011612,-0.10000000149011612,0.10000000149011612,0.019999999552965164,0.16401219675820886,False,11
1,13,PUSH,0.3,0.0,-0.006,0.0,-0.002,-0.0,0.024,0.088,-0.0,0.003,0.03,0.0,0.02,target,0,0.15,0.0,0.02,0.0325,0.12,-0.12,False,-0.0,0.65,0.0,-2.0,-0.0,2.65,0.79,0.0,0.16,-0.0,0.32,0.0,-0.13,-0.0,-0.0,-0.0,-0.0,0.0,0.0,0.0,0.15000000596046448,0.0,0.019999999552965164,0.12000000596046448,0.15000000596046448,0.10000000149011612,0.019999999552965164,0.15620499905103785,-0.10000000149011612,0.0,0.019999999552965164,0.13000000149011612,-0.10000000149011612,0.10000000149011612,0.019999999552965164,0.16401219675820886,False,12
1,14,PUSH,0.3,0.0,-0.007,0.0,0.008,-0.0,0.024,0.094,-0.0,0.01,0.04,0.0,0.02,target,0,0.15,0.0,0.02,0.0328,0.1098,-0.1098,False,-0.0,0.67,0.0,-1.97,-0.0,2.63,0.79,0.0,0.16,-0.0,0.35,0.0,-0.15,-0.0,-0.0,-0.0,-0.001,0.178,0.0,0.001,0.15000000596046448,0.0,0.019999999552965164,0.11000000596046447,0.15000000596046448,0.10000000149011612,0.019999999552965164,0.14866069288593217,-0.10000000149011612,0.0,0.019999999552965164,0.14000000149011613,-0.10000000149011612,0.10000000149011612,0.019999999552965164,0.17204650741952232,False,13
1,15,PUSH,0.3,0.0,-0.008,0.0,0.017,-0.0,0.024,0.087,0.0,0.008,0.05,0.0,0.02,target,0,0.15,0.0,0.02,0.0325,0.1004,-0.1004,False,-0.0,0.69,0.0,-1.93,-0.0,2.61,0.79,0.0,0.16,0.0,0.34,0.0,-0.15,-0.0,-0.0,-0.0,-0.001,0.144,0.0,0.0,0.15000000596046448,0.0,0.019999999552965164,0.10000000596046447,0.15000000596046448,0.10000000149011612,0.019999999552965164,0.1414213615056656,-0.10000000149011612,0.0,0.019999999552965164,0.1500000014901161,-0.10000000149011612,0.10000000149011612,0.019999999552965164,0.1802775658396187,False,14
1,16,PUSH,0.3,0.0,-0.009,0.0,0.027,-0.0,0.024,0.085,0.0,0.007,0.06,-0.0,0.02,target,0,0.15,0.0,0.02,0.0328,0.0904,-0.0904,False,-0.0,0.71,0.0,-1.88,-0.0,2.59,0.79,-0.0,0.16,0.0,0.34,-0.0,-0.16,0.0,-0.0,-0.001,-0.001,0.152,-0.0,0.001,0.15000000596046448,0.0,0.019999999552965164,0.09000000596046448,0.15000000596046448,0.10000000149011612,0.019999999552965164,0.13453624556567226,-0.10000000149011612,0.0,0.019999999552965164,0.16000000149011612,-0.10000000149011612,0.10000000149011612,0.019999999552965164,0.188679624694508,False,15
1,17,PUSH,0.3,0.0,-0.01,0.0,0.036,-0.0,0.024,0.083,0.0,0.007,0.069,-0.0,0.02,target,0,0.15,0.0,0.02,0.0323,0.0815,-0.0815,False,-0.0,0.73,0.0,-1.84,-0.0,2.57,0.79,-0.0,0.16,0.0,0.34,-0.0,-0.16,0.0,-0.0,-0.0,-0.001,0.13,0.0,0.0,0.15000000596046448,0.0,0.019999999552965164,0.08100000596046447,0.15000000596046448,0.10000000149011612,0.019999999552965164,0.12868955382477051,-0.10000000149011612,0.0,0.019999999552965164,0.16900000149011613,-0.10000000149011612,0.10000000149011612,0.019999999552965164,0.19636955161552536,False,16
1,18,PUSH,0.3,0.0,-0.011,0.0,0.046,-0.0,0.024,0.081,0.0,0.006,0.078,-0.0,0.02,target,0,0.15,0.0,0.02,0.0327,0.0719,-0.0719,False,-0.0,0.75,0.0,-1.8,-0.0,2.55,0.79,-0.0,0.16,0.0,0.34,-0.0,-0.16,0.0,-0.0,-0.001,-0.001,0.139,-0.0,0.0,0.15000000596046448,0.0,0.019999999552965164,0.07200000596046448,0.15000000596046448,0.10000000149011612,0.019999999552965164,0.12322337909800293,-0.10000000149011612,0.0,0.019999999552965164,0.17800000149011613,-0.10000000149011612,0.10000000149011612,0.019999999552965164,0.2041666006684359,False,17
1,19,PUSH,0.3,0.0,-0.013,0.0,0.055,-0.0,0.024,0.078,0.0,0.006,0.087,-0.0,0.02,target,0,0.15,0.0,0.02,0.0322,0.0634,-0.0634,False,-0.0,0.77,0.0,-1.76,-0.0,2.53,0.79,-0.0,0.16,0.0,0.34,-0.0,-0.15,0.0,-0.0,-0.0,-0.001,0.116,-0.0,0.0,0.15000000596046448,0.0,0.019999999552965164,0.06300000596046448,0.15000000596046448,0.10000000149011612,0.019999999552965164,0.1181905285927844,-0.10000000149011612,0.0,0.019999999552965164,0.1870000014901161,-0.10000000149011612,0.10000000149011612,0.019999999552965164,0.21205895608374256,False,18
1,20,PUSH,0.3,0.0,-0.014,0.0,0.063,-0.0,0.025,0.075,0.0,0.004,0.096,-0.0,0.02,target,0,0.15,0.0,0.02,0.0328,0.0541,-0.0541,False,-0.0,0.79,0.0,-1.72,-0.0,2.51,0.79,-0.0,0.17,0.0,0.34,-0.0,-0.15,0.0,-0.0,-0.0,-0.001,0.128,-0.0,0.0,0.15000000596046448,0.0,0.019999999552965164,0.054000005960464476,0.15000000596046448,0.10000000149011612,0.019999999552965164,0.11364858530467252,-0.10000000149011612,0.0,0.019999999552965164,0.19600000149011612,-0.10000000149011612,0.10000000149011612,0.019999999552965164,0.22003636263615328,False,19
1,21,PUSH,0.3,0.0,-0.016,0.0,0.072,-0.0,0.025,0.073,0.0,0.004,0.104,-0.0,0.02,target,0,0.15,0.0,0.02,0.0319,0.0463,-0.0463,False,-0.0,0.81,0.0,-1.68,-0.0,2.49,0.79,-0.0,0.17,0.0,0.34,-0.0,-0.15,0.0,-0.0,-0.001,-0.001,0.093,0.0,0.0,0.15000000596046448,0.0,0.019999999552965164,0.04600000596046448,0.15000000596046448,0.10000000149011612,0.019999999552965164,0.11007270709120401,-0.10000000149011612,0.0,0.019999999552965164,0.2040000014901161,-0.10000000149011612,0.10000000149011612,0.019999999552965164,0.2271915511324983,False,20
1,22,PUSH,0.299,0.0,-0.018,0.0,0.08,-0.0,0.025,0.07,0.0,0.003,0.113,-0.0,0.02,target_1,1,0.15,0.1,0.02,0.0328,0.1068,-0.1068,False,-0.0,0.83,0.0,-1.64,-0.0,2.47,0.79,-0.0,0.17,0.0,0.34,-0.0,-0.15,0.0,0.0,0.0,-0.002,0.116,-0.0,0.0,0.15000000596046448,0.0,0.019999999552965164,0.037000005960464474,0.15000000596046448,0.10000000149011612,0.019999999552965164,0.10662551636028607,-0.10000000149011612,0.0,0.019999999552965164,0.2130000014901161,-0.10000000149011612,0.10000000149011612,0.019999999552965164,0.2353061854962863,True,21
1,23,PUSH,0.0,0.0,1.0,0.0,0.067,-0.0,0.03,0.066,-0.0,0.444,0.114,-0.0,0.02,target_1,1,0.15,0.1,0.02,0.0477,0.1065,-0.1065,False,-0.0,0.8,0.0,-1.66,-0.0,2.4,0.79,-0.0,-0.81,0.0,-0.14,0.0,-0.52,-0.0,0.0,0.0,-0.002,-0.0,0.0,0.0,0.15000000596046448,0.0,0.019999999552965164,0.03600000596046447,0.15000000596046448,0.10000000149011612,0.019999999552965164,0.10628264546564836,-0.10000000149011612,0.0,0.019999999552965164,0.2140000014901161,-0.10000000149011612,0.10000000149011612,0.019999999552965164,0.23621177137431768,False,22
1,24,PUSH,0.148,-0.0,0.989,0.0,0.071,-0.0,0.057,0.342,-0.0,0.962,0.114,-0.0,0.02,target_1,1,0.15,0.1,0.02,0.0558,0.1065,-0.1065,False,-0.0,0.75,0.0,-1.67,-0.0,2.4,0.79,-0.0,-1.53,0.0,-0.15,0.0,-0.06,-0.0,0.0,0.0,-0.002,-0.0,0.0,0.0,0.15000000596046448,0.0,0.019999999552965164,0.03600000596046447,0.15000000596046448,0.10000000149011612,0.019999999552965164,0.10628264546564836,-0.10000000149011612,0.0,0.019999999552965164,0.2140000014901161,-0.10000000149011612,0.10000000149011612,0.019999999552965164,0.23621177137431768,False,23
1,25,PUSH,0.14,-0.0,0.99,0.0,0.078,-0.0,0.097,0.159,0.0,0.642,0.114,-0.0,0.02,target_1,1,0.15,0.1,0.02,0.0847,0.1065,-0.1065,False,-0.0,0.68,0.0,-1.68,-0.0,2.36,0.79,-0.0,-1.0,0.0,-0.03,0.0,-0.31,-0.0,-0.0,0.0,-0.002,0.0,0.0,-0.0,0.15000000596046448,0.0,0.019999999552965164,0.03600000596046447,0.15000000596046448,0.10000000149011612,0.019999999552965164,0.10628264546564836,-0.10000000149011612,0.0,0.019999999552965164,0.2140000014901161,-0.10000000149011612,0.10000000149011612,0.019999999552965164,0.23621177137431768,False,24
1,26,PUSH,0.08,-0.0,0.997,0.0,0.079,-0.0,0.13,0.179,0.0,0.874,0.114,-0.0,0.02,target_1,1,0.15,0.1,0.02,0.1156,0.1065,-0.1065,False,-0.0,0.63,0.0,-1.67,-0.0,2.29,0.79,-0.0,-1.31,0.0,0.07,0.0,-0.53,-0.0,-0.0,0.0,-0.002,0.0,0.0,-0.0,0.15000000596046448,0.0,0.019999999552965164,0.03600000596046447,0.15000000596046448,0.10000000149011612,0.019999999552965164,0.10628264546564836,-0.10000000149011612,0.0,0.019999999552965164,0.2140000014901161,-0.10000000149011612,0.10000000149011612,0.019999999552965164,0.23621177137431768,False,25
1,27,PUSH,0.134,0.0,-0.991,0.0,0.101,-0.0,0.144,0.003,0.0,-0.518,0.114,-0.0,0.02,target_1,1,0.15,0.1,0.02,0.1249,0.1065,-0.1065,False,-0.0,0.63,0.0,-1.66,-0.0,2.37,0.79,0.0,0.91,-0.0,0.11,-0.0,0.64,0.0,-0.0,0.0,-0.002,0.0,0.0,-0.0,0.15000000596046448,0.0,0.019999999552965164,0.03600000596046447,0.15000000596046448,0.10000000149011612,0.019999999552965164,0.10628264546564836,-0.10000000149011612,0.0,0.019999999552965164,0.2140000014901161,-0.10000000149011612,0.10000000149011612,0.019999999552965164,0.23621177137431768,False,26
1,28,PUSH,-0.088,-0.885,-0.457,0.0,0.09,-0.021,0.118,-0.192,-1.06,-0.43,0.114,-0.0,0.02,target_1,1,0.15,0.1,0.02,0.1025,0.1065,-0.1065,False,-0.03,0.68,-0.01,-1.63,0.01,2.31,0.73,-1.49,0.7,-0.06,0.21,0.05,-0.45,-0.46,-0.0,0.0,-0.002,0.0,0.0,-0.0,0.15000000596046448,0.0,0.019999999552965164,0.03600000596046447,0.15000000596046448,0.10000000149011612,0.019999999552965164,0.10628264546564836,-0.10000000149011612,0.0,0.019999999552965164,0.2140000014901161,-0.10000000149011612,0.10000000149011612,0.019999999552965164,0.23621177137431768,False,27
1,29,PUSH,0.226,-0.97,0.086,0.0,0.092,-0.068,0.112,0.023,-0.74,0.089,0.114,-0.0,0.02,target_1,1,0.15,0.1,0.02,0.1164,0.1065,-0.1065,False,-0.08,0.71,-0.02,-1.59,0.02,2.29,0.68,-0.99,0.08,-0.09,0.38,0.07,-0.19,-0.33,-0.0,0.0,-0.002,0.0,0.0,-0.0,0.15000000596046448,0.0,0.019999999552965164,0.03600000596046447,0.15000000596046448,0.10000000149011612,0.019999999552965164,0.10628264546564836,-0.10000000149011612,0.0,0.019999999552965164,0.2140000014901161,-0.10000000149011612,0.10000000149011612,0.019999999552965164,0.23621177137431768,False,28
1,30,PUSH,0.213,0.915,0.343,0.0,0.095,-0.076,0.124,0.125,0.311,0.286,0.114,-0.0,0.02,target_1,1,0.15,0.1,0.02,0.13,0.1065,-0.1065,False,-0.1,0.7,-0.01,-1.58,0.01,2.27,0.74,0.4,-0.35,0.07,0.12,-0.06,-0.14,0.45,-0.0,0.0,-0.002,0.0,0.0,-0.0,0.15000000596046448,0.0,0.019999999552965164,0.03600000596046447,0.15000000596046448,0.10000000149011612,0.019999999552965164,0.10628264546564836,-0.10000000149011612,0.0,0.019999999552965164,0.2140000014901161,-0.10000000149011612,0.10000000149011612,0.019999999552965164,0.23621177137431768,False,29
1,31,PUSH,0.047,0.991,-0.126,0.0,0.098,-0.043,0.119,0.043,0.989,-0.094,0.114,-0.0,0.02,target_1,1,0.15,0.1,0.02,0.1094,0.1065,-0.1065,False,-0.07,0.7,0.01,-1.58,-0.01,2.29,0.75,1.28,0.12,0.15,-0.05,-0.13,0.14,0.07,-0.0,0.0,-0.002,0.0,0.0,-0.0,0.15000000596046448,0.0,0.019999999552965164,0.03600000596046447,0.15000000596046448,0.10000000149011612,0.019999999552965164,0.10628264546564836,-0.10000000149011612,0.0,0.019999999552965164,0.2140000014901161,-0.10000000149011612,0.10000000149011612,0.019999999552965164,0.23621177137431768,False,30
1,32,PUSH,-0.377,-0.912,0.163,0.0,0.09,-0.024,0.121,0.003,-0.082,0.298,0.114,-0.0,0.02,target_1,1,0.15,0.1,0.02,0.107,0.1065,-0.1065,False,-0.04,0.68,0.0,-1.62,-0.0,2.29,0.67,-0.09,-0.63,-0.04,-0.33,0.03,0.03,-0.64,-0.0,0.0,-0.002,0.0,0.0,-0.0,0.15000000596046448,0.0,0.019999999552965164,0.03600000596046447,0.15000000596046448,0.10000000149011612,0.019999999552965164,0.10628264546564836,-0.10000000149011612,0.0,0.019999999552965164,0.2140000014901161,-0.10000000149011612,0.10000000149011612,0.019999999552965164,0.23621177137431768,False,31
1,33,PUSH,0.019,-0.065,-0.292,0.0,0.092,-0.027,0.112,-0.102,-0.019,-0.443,0.114,-0.0,0.02,target_1,1,0.15,0.1,0.02,0.0987,0.1065,-0.1065,False,-0.03,0.69,-0.01,-1.62,0.01,2.32,0.73,0.06,0.67,-0.11,-0.0,0.09,0.23,0.48,-0.0,0.0,-0.002,0.0,0.0,0.0,0.15000000596046448,0.0,0.019999999552965164,0.03600000596046447,0.15000000596046448,0.10000000149011612,0.019999999552965164,0.10628264546564836,-0.10000000149011612,0.0,0.019999999552965164,0.2140000014901161,-0.10000000149011612,0.10000000149011612,0.019999999552965164,0.23621177137431768,False,32
1,34,PUSH,0.014,-0.062,-0.293,0.0,0.09,-0.03,0.095,-0.039,-0.02,-0.202,0.114,-0.0,0.02,target_1,1,0.15,0.1,0.02,0.0844,0.1065,-0.1065,False,-0.03,0.72,-0.01,-1.62,0.01,2.33,0.73,-0.02,0.33,-0.01,0.04,0.02,0.12,0.03,-0.0,0.0,-0.002,0.0,0.0,0.0,0.15000000596046448,0.0,0.019999999552965164,0.03600000596046447,0.15000000596046448,0.10000000149011612,0.019999999552965164,0.10628264546564836,-0.10000000149011612,0.0,0.019999999552965164,0.2140000014901161,-0.10000000149011612,0.10000000149011612,0.019999999552965164,0.23621177137431768,False,33
1,35,PUSH,0.024,-0.066,-0.292,0.0,0.09,-0.033,0.081,-0.038,-0.022,-0.214,0.114,-0.0,0.02,target_1,1,0.15,0.1,0.02,0.0728,0.1065,-0.1065,False,-0.04,0.75,-0.01,-1.61,0.01,2.36,0.73,-0.03,0.35,-0.0,0.02,0.01,0.19,-0.03,-0.0,0.0,-0.002,-0.0,-0.0,0.0,0.15000000596046448,0.0,0.019999999552965164,0.03600000596046447,0.15000000596046448,0.10000000149011612,0.019999999552965164,0.10628264546564836,-0.10000000149011612,0.0,0.019999999552965164,0.2140000014901161,-0.10000000149011612,0.10000000149011612,0.019999999552965164,0.23621177137431768,False,34
1,36,PUSH,0.03,-0.068,-0.291,0.0,0.09,-0.036,0.066,-0.039,-0.022,-0.207,0.114,-0.0,0.02,target_1,1,0.15,0.1,0.02,0.0628,0.1065,-0.1065,False,-0.04,0.78,-0.01,-1.61,0.01,2.38,0.73,-0.03,0.35,-0.0,0.04,0.01,0.17,-0.03,-0.0,0.0,-0.002,-0.0,-0.0,0.0,0.15000000596046448,0.0,0.019999999552965164,0.03600000596046447,0.15000000596046448,0.10000000149011612,0.019999999552965164,0.10628264546564836,-0.10000000149011612,0.0,0.019999999552965164,0.2140000014901161,-0.10000000149011612,0.10000000149011612,0.019999999552965164,0.23621177137431768,False,35
1,37,PUSH,0.04,-0.071,-0.289,0.0,0.09,-0.039,0.052,-0.043,-0.023,-0.21,0.114,-0.0,0.02,target_1,1,0.15,0.1,0.02,0.0551,0.1065,-0.1065,False,-0.05,0.8,-0.01,-1.6,0.01,2.4,0.72,-0.04,0.36,-0.0,0.06,0.01,0.16,-0.04,-0.0,0.0,-0.002,-0.0,-0.0,0.0,0.15000000596046448,0.0,0.019999999552965164,0.03600000596046447,0.15000000596046448,0.10000000149011612,0.019999999552965164,0.10628264546564836,-0.10000000149011612,0.0,0.019999999552965164,0.2140000014901161,-0.10000000149011612,0.10000000149011612,0.019999999552965164,0.23621177137431768,False,36
1,38,PUSH,0.058,-0.076,-0.284,0.0,0.09,-0.042,0.037,-0.041,-0.024,-0.207,0.114,-0.0,0.02,target_1,1,0.15,0.1,0.02,0.0508,0.1065,-0.1065,False,-0.05,0.83,-0.01,-1.59,0.01,2.42,0.72,-0.04,0.37,0.0,0.09,0.0,0.14,-0.04,-0.0,0.0,-0.002,-0.0,-0.0,0.0,0.15000000596046448,0.0,0.019999999552965164,0.03600000596046447,0.15000000596046448,0.10000000149011612,0.019999999552965164,0.10628264546564836,-0.10000000149011612,0.0,0.019999999552965164,0.2140000014901161,-0.10000000149011612,0.10000000149011612,0.019999999552965164,0.23621177137431768,False,37
1,39,PUSH,0.098,-0.084,-0.271,0.0,0.091,-0.045,0.023,-0.037,-0.026,-0.205,0.114,-0.0,0.02,target_1,1,0.15,0.1,0.02,0.0504,0.1065,-0.1065,False,-0.06,0.87,-0.01,-1.57,0.01,2.43,0.71,-0.04,0.39,0.0,0.14,0.0,0.11,-0.04,-0.0,0.0,-0.002,-0.0,-0.0,0.0,0.15000000596046448,0.0,0.019999999552965164,0.03600000596046447,0.15000000596046448,0.10000000149011612,0.019999999552965164,0.10628264546564836,-0.10000000149011612,0.0,0.019999999552965164,0.2140000014901161,-0.10000000149011612,0.10000000149011612,0.019999999552965164,0.23621177137431768,False,38
1,40,PUSH,0.113,0.278,-0.006,0.0,0.094,-0.035,0.023,0.045,0.193,0.029,0.116,0.008,0.021,target_1,1,0.15,0.1,0.02,0.0484,0.098,-0.098,False,-0.04,0.87,-0.01,-1.56,0.01,2.43,0.73,0.27,0.01,0.01,0.09,-0.01,-0.01,0.14,-0.031,0.0,-0.02,0.076,0.276,0.0,0.15000000596046448,0.0,0.019999999552965164,0.034942816231747685,0.15000000596046448,0.10000000149011612,0.019999999552965164,0.09808669981392511,-0.10000000149011612,0.0,0.019999999552965164,0.21615041208525196,-0.10000000149011612,0.10000000149011612,0.019999999552965164,0.23477862108549322,False,39
1,41,PUSH,0.114,0.277,-0.005,0.0,0.098,-0.023,0.023,0.025,0.121,0.0,0.12,0.021,0.02,target_1,1,0.15,0.1,0.02,0.0499,0.0845,-0.0845,False,-0.03,0.88,-0.01,-1.55,0.01,2.43,0.75,0.16,0.05,0.01,0.1,-0.01,-0.04,0.12,-0.01,0.0,-0.02,0.059,0.262,-0.042,0.15000000596046448,0.0,0.019999999552965164,0.036619671730204036,0.15000000596046448,0.10000000149011612,0.019999999552965164,0.0845044412623754,-0.10000000149011612,0.0,0.019999999552965164,0.2210000014833735,-0.10000000149011612,0.10000000149011612,0.019999999552965164,0.2337541462543273,False,40
1,42,PUSH,0.117,0.276,-0.006,0.0,0.101,-0.012,0.023,0.024,0.129,0.001,0.122,0.031,0.02,target_1,1,0.15,0.1,0.02,0.0483,0.0745,-0.0745,False,-0.01,0.89,-0.01,-1.53,0.01,2.42,0.76,0.18,0.06,0.01,0.11,-0.01,-0.05,0.13,0.002,-0.0,-0.02,0.033,0.196,0.002,0.15000000596046448,0.0,0.019999999552965164,0.041773201143628515,0.15000000596046448,0.10000000149011612,0.019999999552965164,0.07446476038652158,-0.10000000149011612,0.0,0.019999999552965164,0.22415396641953841,-0.10000000149011612,0.10000000149011612,0.019999999552965164,0.23247580705795515,False,41
1,43,PUSH,0.121,0.275,-0.007,0.0,0.104,-0.001,0.023,0.023,0.133,0.001,0.124,0.042,0.02,target_1,1,0.15,0.1,0.02,0.0483,0.0631,-0.0631,False,0.0,0.9,-0.01,-1.52,0.01,2.41,0.78,0.18,0.06,0.01,0.12,-0.01,-0.06,0.13,0.0,-0.0,-0.021,0.036,0.226,0.0,0.15000000596046448,0.0,0.019999999552965164,0.049396359278232126,0.15000000596046448,0.10000000149011612,0.019999999552965164,0.06356099812619104,-0.10000000149011612,0.0,0.019999999552965164,0.2279034898099896,-0.10000000149011612,0.10000000149011612,0.019999999552965164,0.2313871233245824,False,42
1,44,PUSH,0.125,0.273,-0.008,0.0,0.107,0.01,0.023,0.022,0.126,0.001,0.127,0.054,0.02,target_1,1,0.15,0.1,0.02,0.0483,0.0517,-0.0517,False,0.02,0.9,-0.01,-1.5,0.01,2.4,0.8,0.17,0.07,0.01,0.13,-0.01,-0.06,0.12,0.001,0.0,-0.021,0.048,0.217,0.001,0.15000000596046448,0.0,0.019999999552965164,0.05869412469899693,0.15000000596046448,0.10000000149011612,0.019999999552965164,0.0514295674808965,-0.10000000149011612,0.0,0.019999999552965164,0.23333452525614962,-0.10000000149011612,0.10000000149011612,0.019999999552965164,0.2316139046206065,False,43
1,45,PUSH,0.13,0.27,-0.009,0.0,0.11,0.021,0.023,0.021,0.125,0.001,0.13,0.064,0.02,target_1,1,0.15,0.1,0.02,0.048,0.0411,-0.0411,False,0.03,0.91,-0.0,-1.48,0.01,2.4,0.81,0.17,0.07,0.01,0.14,-0.01,-0.07,0.12,0.0,0.0,-0.02,0.04,0.208,0.0,0.15000000596046448,0.0,0.019999999552965164,0.06705222023481858,0.15000000596046448,0.10000000149011612,0.019999999552965164,0.04118252476120153,-0.10000000149011612,0.0,0.019999999552965164,0.23873835193670376,-0.10000000149011612,0.10000000149011612,0.019999999552965164,0.23280034534497965,False,44
1,46,PUSH,0.136,0.267,-0.01,0.0,0.113,0.032,0.023,0.021,0.123,0.001,0.133,0.075,0.02,target_2,2,-0.1,0.0,0.02,0.048,0.2444,-0.2444,False,0.05,0.92,-0.0,-1.46,0.0,2.39,0.83,0.16,0.08,0.01,0.15,-0.01,-0.07,0.12,0.001,0.0,-0.02,0.044,0.207,0.001,0.15000000596046448,0.0,0.019999999552965164,0.07690253703653624,0.15000000596046448,0.10000000149011612,0.019999999552965164,0.030232437499507644,-0.10000000149011612,0.0,0.019999999552965164,0.2447733659824821,-0.10000000149011612,0.10000000149011612,0.019999999552965164,0.23433736528539345,True,45
1,47,PUSH,0.0,0.0,1.0,0.0,0.1,0.031,0.028,0.058,-0.001,0.414,0.133,0.078,0.02,target_2,2,-0.1,0.0,0.02,0.0577,0.2457,-0.2457,False,0.05,0.9,-0.0,-1.48,0.0,2.32,0.83,-0.0,-0.71,-0.0,-0.12,-0.0,-0.49,-0.01,0.0,0.0,-0.02,0.0,0.0,0.0,0.15000000596046448,0.0,0.019999999552965164,0.07983107291434725,0.15000000596046448,0.10000000149011612,0.019999999552965164,0.027802882372533592,-0.10000000149011612,0.0,0.019999999552965164,0.2457091791008104,-0.10000000149011612,0.10000000149011612,0.019999999552965164,0.23403632359093157,False,46
1,48,PUSH,0.136,0.006,0.991,0.0,0.104,0.031,0.053,0.308,0.014,0.887,0.133,0.078,0.02,target_2,2,-0.1,0.0,0.02,0.0637,0.2457,-0.2457,False,0.05,0.85,-0.0,-1.49,0.0,2.31,0.83,0.0,-1.34,-0.0,-0.13,-0.0,-0.06,-0.0,0.0,0.0,-0.02,0.0,0.0,0.0,0.15000000596046448,0.0,0.019999999552965164,0.07983107291434725,0.15000000596046448,0.10000000149011612,0.019999999552965164,0.027802882372533592,-0.10000000149011612,0.0,0.019999999552965164,0.2457091791008104,-0.10000000149011612,0.10000000149011612,0.019999999552965164,0.23403632359093157,False,47
1,49,PUSH,0.122,0.006,0.992,0.0,0.111,0.031,0.092,0.176,0.009,0.695,0.133,0.078,0.02,target_2,2,-0.1,0.0,0.02,0.0881,0.2457,-0.2457,False,0.05,0.79,-0.0,-1.5,0.0,2.28,0.83,0.0,-1.03,-0.0,-0.04,-0.0,-0.26,0.0,0.0,0.0,-0.02,0.0,0.0,0.0,0.15000000596046448,0.0,0.019999999552965164,0.07983107291434725,0.15000000596046448,0.10000000149011612,0.019999999552965164,0.027802882372533592,-0.10000000149011612,0.0,0.019999999552965164,0.2457091791008104,-0.10000000149011612,0.10000000149011612,0.019999999552965164,0.23403632359093157,False,48
1,50,PUSH,0.056,0.003,0.998,0.0,0.112,0.031,0.126,0.17,0.009,0.867,0.133,0.078,0.02,target_2,2,-0.1,0.0,0.02,0.1177,0.2457,-0.2457,False,0.05,0.74,-0.0,-1.5,0.0,2.22,0.83,0.0,-1.26,-0.0,0.03,-0.0,-0.47,0.0,-0.0,0.0,-0.02,0.0,0.0,0.0,0.15000000596046448,0.0,0.019999999552965164,0.07983107291434725,0.15000000596046448,0.10000000149011612,0.019999999552965164,0.027802882372533592,-0.10000000149011612,0.0,0.019999999552965164,0.2457091791008104,-0.10000000149011612,0.10000000149011612,0.019999999552965164,0.23403632359093157,False,49
1,51,PUSH,0.191,0.009,-0.982,0.0,0.134,0.033,0.14,0.015,0.001,-0.502,0.133,0.078,0.02,target_2,2,-0.1,0.0,0.02,0.1286,0.2457,-0.2457,False,0.05,0.74,-0.0,-1.47,0.0,2.29,0.83,-0.0,0.88,0.0,0.19,0.0,0.57,-0.0,-0.0,0.0,-0.02,0.0,0.0,0.0,0.15000000596046448,0.0,0.019999999552965164,0.07983107291434725,0.15000000596046448,0.10000000149011612,0.019999999552965164,0.027802882372533592,-0.10000000149011612,0.0,0.019999999552965164,0.2457091791008104,-0.10000000149011612,0.10000000149011612,0.019999999552965164,0.23403632359093157,False,50
1,52,PUSH,0.588,0.767,-0.256,0.0,0.135,0.052,0.12,-0.081,0.826,-0.39,0.133,0.078,0.02,target_2,2,-0.1,0.0,0.02,0.103,0.2457,-0.2457,False,0.07,0.83,0.0,-1.36,-0.0,2.19,0.87,1.1,1.05,0.04,1.01,-0.03,-0.79,0.35,-0.0,0.0,-0.02,0.0,0.0,0.0,0.15000000596046448,0.0,0.019999999552965164,0.07983107291434725,0.15000000596046448,0.10000000149011612,0.019999999552965164,0.027802882372533592,-0.10000000149011612,0.0,0.019999999552965164,0.2457091791008104,-0.10000000149011612,0.10000000149011612,0.019999999552965164,0.23403632359093157,False,51
1,53,PUSH,0.741,0.671,0.003,0.0,0.144,0.082,0.11,0.062,0.242,-0.154,0.133,0.078,0.02,target_2,2,-0.1,0.0,0.02,0.0905,0.2457,-0.2457,False,0.11,0.89,0.01,-1.27,-0.01,2.15,0.9,0.28,0.69,0.04,0.86,-0.04,-0.31,0.18,-0.0,0.0,-0.02,0.0,0.0,0.0,0.15000000596046448,0.0,0.019999999552965164,0.07983107291434725,0.15000000596046448,0.10000000149011612,0.019999999552965164,0.027802882372533592,-0.10000000149011612,0.0,0.019999999552965164,0.2457091791008104,-0.10000000149011612,0.10000000149011612,0.019999999552965164,0.23403632359093157,False,52
1,54,PUSH,0.92,0.294,0.261,0.0,0.156,0.091,0.11,0.14,0.078,0.089,0.133,0.078,0.02,target_2,2,-0.1,0.0,0.02,0.0936,0.2457,-0.2457,False,0.12,0.95,0.01,-1.16,-0.01,2.1,0.91,0.08,0.4,0.0,0.93,-0.0,-0.37,0.09,-0.0,0.0,-0.02,0.0,0.0,0.0,0.15000000596046448,0.0,0.019999999552965164,0.07983107291434725,0.15000000596046448,0.10000000149011612,0.019999999552965164,0.027802882372533592,-0.10000000149011612,0.0,0.019999999552965164,0.2457091791008104,-0.10000000149011612,0.10000000149011612,0.019999999552965164,0.23403632359093157,False,53
1,55,PUSH,0.914,0.086,0.396,0.0,0.169,0.092,0.121,0.19,0.012,0.387,0.133,0.078,0.02,target_2,2,-0.1,0.0,0.02,0.1079,0.2457,-0.2457,False,0.11,0.98,0.01,-1.07,-0.01,2.05,0.91,-0.01,-0.05,-0.0,0.82,0.0,-0.38,-0.01,-0.0,0.0,-0.02,0.0,0.0,0.0,0.15000000596046448,0.0,0.019999999552965164,0.07983107291434725,0.15000000596046448,0.10000000149011612,0.019999999552965164,0.027802882372533592,-0.10000000149011612,0.0,0.019999999552965164,0.2457091791008104,-0.10000000149011612,0.10000000149011612,0.019999999552965164,0.23403632359093157,False,54
1,56,PUSH,0.987,0.147,-0.067,0.0,0.18,0.094,0.12,0.018,0.012,-0.292,0.133,0.078,0.02,target_2,2,-0.1,0.0,0.02,0.1117,0.2457,-0.2457,False,0.12,1.04,0.01,-0.98,-0.01,2.02,0.91,0.02,0.82,-0.0,0.79,-0.0,-0.21,0.01,-0.0,0.0,-0.02,0.0,0.0,0.0,0.15000000596046448,0.0,0.019999999552965164,0.07983107291434725,0.15000000596046448,0.10000000149011612,0.019999999552965164,0.027802882372533592,-0.10000000149011612,0.0,0.019999999552965164,0.2457091791008104,-0.10000000149011612,0.10000000149011612,0.019999999552965164,0.23403632359093157,False,55
1,57,PUSH,0.0,-0.002,-0.3,0.0,0.178,0.094,0.102,-0.066,-0.009,-0.28,0.133,0.078,0.02,target_2,2,-0.1,0.0,0.02,0.0951,0.2457,-0.2457,False,0.12,1.06,0.01,-0.97,-0.01,2.03,0.91,-0.0,0.37,-0.0,0.01,-0.0,0.08,-0.0,-0.0,0.0,-0.02,0.0,0.0,0.0,0.15000000596046448,0.0,0.019999999552965164,0.07983107291434725,0.15000000596046448,0.10000000149011612,0.019999999552965164,0.027802882372533592,-0.10000000149011612,0.0,0.019999999552965164,0.2457091791008104,-0.10000000149011612,0.10000000149011612,0.019999999552965164,0.23403632359093157,False,56
1,58,PUSH,0.01,-0.001,-0.3,0.0,0.177,0.094,0.085,-0.06,-0.008,-0.297,0.133,0.078,0.02,target_2,2,-0.1,0.0,0.02,0.0803,0.2457,-0.2457,False,0.12,1.09,0.01,-0.97,-0.01,2.06,0.91,-0.0,0.4,-0.0,0.0,-0.0,0.17,-0.0,-0.0,0.0,-0.02,-0.0,-0.0,0.0,0.15000000596046448,0.0,0.019999999552965164,0.07983107291434725,0.15000000596046448,0.10000000149011612,0.019999999552965164,0.027802882372533592,-0.10000000149011612,0.0,0.019999999552965164,0.2457091791008104,-0.10000000149011612,0.10000000149011612,0.019999999552965164,0.23403632359093157,False,57
1,59,PUSH,0.017,-0.001,-0.3,0.0,0.176,0.093,0.068,-0.063,-0.008,-0.293,0.133,0.078,0.02,target_2,2,-0.1,0.0,0.02,0.0665,0.2457,-0.2457,False,0.12,1.11,0.01,-0.97,-0.01,2.08,0.91,-0.0,0.4,-0.0,0.01,-0.0,0.18,-0.0,-0.0,0.0,-0.02,-0.0,-0.0,0.0,0.15000000596046448,0.0,0.019999999552965164,0.07983107291434725,0.15000000596046448,0.10000000149011612,0.019999999552965164,0.027802882372533592,-0.10000000149011612,0.0,0.019999999552965164,0.2457091791008104,-0.10000000149011612,0.10000000149011612,0.019999999552965164,0.23403632359093157,False,58
1,60,PUSH,0.029,0.0,-0.299,0.0,0.175,0.093,0.052,-0.069,-0.009,-0.295,0.133,0.078,0.02,target_2,2,-0.1,0.0,0.02,0.0545,0.2457,-0.2457,False,0.12,1.14,0.01,-0.97,-0.01,2.1,0.91,-0.0,0.41,-0.0,0.03,-0.0,0.18,-0.0,-0.0,0.0,-0.02,-0.0,-0.0,0.0,0.15000000596046448,0.0,0.019999999552965164,0.07983107291434725,0.15000000596046448,0.10000000149011612,0.019999999552965164,0.027802882372533592,-0.10000000149011612,0.0,0.019999999552965164,0.2457091791008104,-0.10000000149011612,0.10000000149011612,0.019999999552965164,0.23403632359093157,False,59
1,61,PUSH,0.054,0.003,-0.295,0.0,0.174,0.093,0.035,-0.071,-0.009,-0.285,0.133,0.078,0.02,target_2,2,-0.1,0.0,0.02,0.0458,0.2457,-0.2457,False,0.12,1.17,0.01,-0.96,-0.01,2.12,0.91,-0.0,0.41,-0.0,0.05,-0.0,0.16,-0.0,-0.0,0.0,-0.02,-0.0,-0.0,0.0,0.15000000596046448,0.0,0.019999999552965164,0.07983107291434725,0.15000000596046448,0.10000000149011612,0.019999999552965164,0.027802882372533592,-0.10000000149011612,0.0,0.019999999552965164,0.2457091791008104,-0.10000000149011612,0.10000000149011612,0.019999999552965164,0.23403632359093157,False,60
1,62,PUSH,0.126,0.011,-0.272,0.0,0.173,0.093,0.02,-0.062,-0.009,-0.252,0.133,0.078,0.02,target_2,2,-0.1,0.0,0.02,0.0424,0.2457,-0.2457,False,0.12,1.2,0.01,-0.95,-0.01,2.14,0.91,-0.0,0.4,-0.0,0.1,-0.0,0.13,-0.0,-0.0,0.0,-0.02,-0.0,-0.0,0.0,0.15000000596046448,0.0,0.019999999552965164,0.07983107291434725,0.15000000596046448,0.10000000149011612,0.019999999552965164,0.027802882372533592,-0.10000000149011612,0.0,0.019999999552965164,0.2457091791008104,-0.10000000149011612,0.10000000149011612,0.019999999552965164,0.23403632359093157,False,61
1,63,PUSH,-0.284,-0.096,0.0,0.0,0.17,0.09,0.015,0.032,-0.02,0.105,0.133,0.078,0.02,target_2,2,-0.1,0.0,0.02,0.0388,0.2457,-0.2457,False,0.11,1.19,0.01,-0.98,-0.01,2.16,0.9,-0.03,-0.24,-0.0,-0.21,0.0,0.13,-0.03,-0.0,0.0,-0.02,-0.0,-0.0,0.0,0.15000000596046448,0.0,0.019999999552965164,0.07983107291434725,0.15000000596046448,0.10000000149011612,0.019999999552965164,0.027802882372533592,-0.10000000149011612,0.0,0.019999999552965164,0.2457091791008104,-0.10000000149011612,0.10000000149011612,0.019999999552965164,0.23403632359093157,False,62
1,64,PUSH,-0.285,-0.095,0.005,0.0,0.168,0.087,0.014,-0.017,-0.024,-0.015,0.133,0.078,0.02,target_2,2,-0.1,0.0,0.02,0.0364,0.2457,-0.2457,False,0.11,1.18,0.01,-1.01,-0.01,2.18,0.9,-0.03,-0.09,-0.0,-0.22,0.0,0.15,-0.03,-0.0,0.0,-0.02,-0.0,-0.0,0.0,0.15000000596046448,0.0,0.019999999552965164,0.07983107291434725,0.15000000596046448,0.10000000149011612,0.019999999552965164,0.027802882372533592,-0.10000000149011612,0.0,0.019999999552965164,0.2457091791008104,-0.10000000149011612,0.10000000149011612,0.019999999552965164,0.23403632359093157,False,63
1,65,PUSH,-0.285,-0.092,0.007,0.0,0.165,0.084,0.012,-0.021,-0.024,-0.01,0.133,0.078,0.02,target_2,2,-0.1,0.0,0.02,0.0335,0.2457,-0.2457,False,0.11,1.16,0.01,-1.03,-0.01,2.19,0.9,-0.03,-0.1,-0.0,-0.22,0.0,0.13,-0.03,-0.0,0.0,-0.02,-0.0,-0.0,0.0,0.15000000596046448,0.0,0.019999999552965164,0.07983107291434725,0.15000000596046448,0.10000000149011612,0.019999999552965164,0.027802882372533592,-0.10000000149011612,0.0,0.019999999552965164,0.2457091791008104,-0.10000000149011612,0.10000000149011612,0.019999999552965164,0.23403632359093157,False,64
1,66,PUSH,-0.286,-0.09,0.008,0.0,0.162,0.081,0.011,-0.024,-0.024,-0.009,0.131,0.077,0.02,target_2,2,-0.1,0.0,0.02,0.0328,0.2433,-0.2433,False,0.1,1.15,0.01,-1.06,-0.01,2.21,0.89,-0.03,-0.11,-0.0,-0.23,0.0,0.13,-0.03,0.0,-0.0,-0.011,-0.022,-0.009,-0.0,0.15000000596046448,0.0,0.019999999552965164,0.07930952166352843,0.15000000596046448,0.10000000149011612,0.019999999552965164,0.029832872725284593,-0.10000000149011612,0.0,0.019999999552965164,0.2434953812466135,-0.10000000149011612,0.10000000149011612,0.019999999552965164,0.23214219943168238,False,65
1,67,PUSH,-0.287,-0.088,0.01,0.0,0.159,0.078,0.01,-0.027,-0.024,-0.01,0.128,0.076,0.02,target_2,2,-0.1,0.0,0.02,0.0329,0.2398,-0.2398,False,0.1,1.13,0.01,-1.1,-0.01,2.23,0.89,-0.03,-0.11,-0.0,-0.24,0.0,0.13,-0.03,0.0,-0.0,-0.008,-0.028,-0.008,0.0,0.15000000596046448,0.0,0.019999999552965164,0.07912016343676542,0.15000000596046448,0.10000000149011612,0.019999999552965164,0.032557646318277504,-0.10000000149011612,0.0,0.019999999552965164,0.2403331035864451,-0.10000000149011612,0.10000000149011612,0.019999999552965164,0.2292596797324347,False,66
1,68,PUSH,-0.287,-0.086,0.011,0.0,0.155,0.075,0.009,-0.029,-0.024,-0.009,0.124,0.075,0.02,target_2,2,-0.1,0.0,0.02,0.0332,0.2361,-0.2361,False,0.1,1.12,0.01,-1.13,-0.01,2.24,0.89,-0.03,-0.12,-0.0,-0.25,0.0,0.13,-0.02,0.0,-0.0,-0.006,-0.028,-0.009,-0.0,0.15000000596046448,0.0,0.019999999552965164,0.07937884044217444,0.15000000596046448,0.10000000149011612,0.019999999552965164,0.03606938292305535,-0.10000000149011612,0.0,0.019999999552965164,0.23622235429267066,-0.10000000149011612,0.10000000149011612,0.019999999552965164,0.22539077341825203,False,67
1,69,PUSH,-0.288,-0.085,0.012,0.0,0.151,0.072,0.008,-0.03,-0.023,-0.007,0.12,0.073,0.02,target_2,2,-0.1,0.0,0.02,0.0335,0.232,-0.232,False,0.09,1.1,0.0,-1.16,-0.01,2.26,0.88,-0.03,-0.12,-0.0,-0.26,0.0,0.14,-0.03,0.0,0.0,-0.007,-0.031,-0.011,-0.0,0.15000000596046448,0.0,0.019999999552965164,0.07892401635514949,0.15000000596046448,0.10000000149011612,0.019999999552965164,0.040360877568434726,-0.10000000149011612,0.0,0.019999999552965164,0.23179516961242116,-0.10000000149011612,0.10000000149011612,0.019999999552965164,0.22165062764656762,False,68
1,70,PUSH,-0.288,-0.083,0.014,0.0,0.147,0.07,0.007,-0.033,-0.023,-0.007,0.116,0.072,0.02,target_2,2,-0.1,0.0,0.02,0.034,0.2276,-0.2276,False,0.09,1.09,0.0,-1.2,-0.01,2.28,0.88,-0.03,-0.13,-0.0,-0.27,0.0,0.14,-0.02,-0.0,0.0,-0.009,-0.037,-0.011,-0.0,0.15000000596046448,0.0,0.019999999552965164,0.07962411949473362,0.15000000596046448,0.10000000149011612,0.019999999552965164,0.04404543663943094,-0.10000000149011612,0.0,0.019999999552965164,0.22768399294577157,-0.10000000149011612,0.10000000149011612,0.019999999552965164,0.21780725591030403,False,69
1,71,PUSH,-0.288,-0.081,0.015,0.0,0.143,0.067,0.007,-0.033,-0.023,-0.007,0.112,0.069,0.02,target_2,2,-0.1,0.0,0.02,0.0342,0.2227,-0.2227,False,0.09,1.07,0.0,-1.23,-0.01,2.3,0.88,-0.03,-0.13,-0.0,-0.27,0.0,0.15,-0.02,-0.0,0.0,-0.009,-0.031,-0.01,-0.0,0.15000000596046448,0.0,0.019999999552965164,0.07877182524859594,0.15000000596046448,0.10000000149011612,0.019999999552965164,0.049040804901454634,-0.10000000149011612,0.0,0.019999999552965164,0.22294618326360566,-0.10000000149011612,0.10000000149011612,0.019999999552965164,0.21425452322925748,False,70
1,72,PUSH,-0.289,-0.079,0.016,0.0,0.138,0.064,0.007,-0.042,-0.024,-0.005,0.107,0.067,0.02,target_2,2,-0.1,0.0,0.02,0.0344,0.2174,-0.2174,False,0.08,1.05,0.0,-1.27,-0.01,2.32,0.87,-0.03,-0.14,-0.0,-0.29,0.0,0.13,-0.03,-0.0,0.0,-0.01,-0.04,-0.013,0.0,0.15000000596046448,0.0,0.019999999552965164,0.07961156016936222,0.15000000596046448,0.10000000149011612,0.019999999552965164,0.05420332656717341,-0.10000000149011612,0.0,0.019999999552965164,0.21757297768084177,-0.10000000149011612,0.10000000149011612,0.019999999552965164,0.2096139325408875,False,71
1,73,PUSH,-0.289,-0.078,0.016,0.0,0.133,0.061,0.006,-0.044,-0.023,-0.004,0.102,0.064,0.02,target_2,2,-0.1,0.0,0.02,0.0345,0.2118,-0.2118,False,0.08,1.03,0.0,-1.3,-0.01,2.33,0.87,-0.03,-0.15,-0.0,-0.29,0.0,0.14,-0.03,-0.0,0.0,-0.008,-0.04,-0.016,0.0,0.15000000596046448,0.0,0.019999999552965164,0.08000000357627883,0.15000000596046448,0.10000000149011612,0.019999999552965164,0.060000005662441305,-0.10000000149011612,0.0,0.019999999552965164,0.21189620242469404,-0.10000000149011612,0.10000000149011612,0.019999999552965164,0.20518284701527872,False,72
1,74,PUSH,-0.29,-0.076,0.017,0.0,0.128,0.059,0.006,-0.047,-0.023,-0.003,0.096,0.062,0.02,target_2,2,-0.1,0.0,0.02,0.0345,0.2059,-0.2059,False,0.08,1.01,0.0,-1.34,-0.0,2.35,0.87,-0.03,-0.15,-0.0,-0.3,0.0,0.14,-0.02,-0.0,0.0,-0.005,-0.024,-0.005,0.0,0.15000000596046448,0.0,0.019999999552965164,0.08221922307909628,0.15000000596046448,0.10000000149011612,0.019999999552965164,0.06603030180893485,-0.10000000149011612,0.0,0.019999999552965164,0.20557237310525342,-0.10000000149011612,0.10000000149011612,0.019999999552965164,0.19964969495938217,False,73
1,75,PUSH,-0.29,-0.075,0.017,0.0,0.122,0.056,0.006,-0.052,-0.024,-0.006,0.091,0.059,0.02,target_2,2,-0.1,0.0,0.02,0.0347,0.1994,-0.1994,False,0.07,0.99,0.0,-1.38,-0.0,2.37,0.87,-0.03,-0.15,-0.0,-0.31,0.0,0.14,-0.03,0.0,0.001,-0.006,-0.027,-0.013,0.001,0.15000000596046448,0.0,0.019999999552965164,0.08343860439469757,0.15000000596046448,0.10000000149011612,0.019999999552965164,0.07184706553175549,-0.10000000149011612,0.0,0.019999999552965164,0.19990497885051378,-0.10000000149011612,0.10000000149011612,0.019999999552965164,0.19535096798176835,False,74
1,76,PUSH,-0.29,-0.073,0.018,0.0,0.116,0.053,0.006,-0.055,-0.023,-0.007,0.084,0.056,0.02,target_2,2,-0.1,0.0,0.02,0.0347,0.1928,-0.1928,False,0.07,0.97,0.0,-1.42,-0.0,2.39,0.86,-0.03,-0.15,-0.0,-0.31,0.0,0.14,-0.03,0.0,0.0,-0.005,-0.034,-0.015,0.0,0.15000000596046448,0.0,0.019999999552965164,0.0865563445784383,0.15000000596046448,0.10000000149011612,0.019999999552965164,0.07932213384618171,-0.10000000149011612,0.0,0.019999999552965164,0.1923330459082961,-0.10000000149011612,0.10000000149011612,0.019999999552965164,0.18918773924198407,False,75
1,77,PUSH,-0.291,-0.072,0.018,0.0,0.11,0.051,0.006,-0.058,-0.022,-0.007,0.078,0.053,0.02,target_2,2,-0.1,0.0,0.02,0.0349,0.1857,-0.1857,False,0.07,0.95,0.0,-1.45,-0.0,2.41,0.86,-0.02,-0.15,-0.0,-0.32,0.0,0.15,-0.03,0.0,-0.0,-0.005,-0.048,-0.02,0.0,0.15000000596046448,0.0,0.019999999552965164,0.08940358414687255,0.15000000596046448,0.10000000149011612,0.019999999552965164,0.0859825621761636,-0.10000000149011612,0.0,0.019999999552965164,0.1857229133157278,-0.10000000149011612,0.10000000149011612,0.019999999552965164,0.18410051784433487,False,76
1,78,PUSH,-0.291,-0.07,0.019,0.0,0.103,0.048,0.006,-0.061,-0.022,-0.007,0.071,0.051,0.02,target_2,2,-0.1,0.0,0.02,0.0349,0.1786,-0.1786,False,0.07,0.93,0.0,-1.49,-0.0,2.43,0.86,-0.02,-0.15,-0.0,-0.32,0.0,0.15,-0.03,0.0,0.0,-0.004,-0.052,-0.019,0.0,0.15000000596046448,0.0,0.019999999552965164,0.09403191448520776,0.15000000596046448,0.10000000149011612,0.019999999552965164,0.0929623638242101,-0.10000000149011612,0.0,0.019999999552965164,0.17844326972351665,-0.10000000149011612,0.10000000149011612,0.019999999552965164,0.17788198519144963,False,77
1,79,PUSH,-0.291,-0.069,0.019,0.0,0.096,0.045,0.006,-0.064,-0.022,-0.007,0.064,0.048,0.02,target_2,2,-0.1,0.0,0.02,0.0352,0.1709,-0.1709,False,0.06,0.91,0.0,-1.53,-0.0,2.45,0.85,-0.02,-0.16,-0.0,-0.33,0.0,0.15,-0.03,0.0,0.0,-0.005,-0.068,-0.025,0.0,0.15000000596046448,0.0,0.019999999552965164,0.09848858322262498,0.15000000596046448,0.10000000149011612,0.019999999552965164,0.1004987620827839,-0.10000000149011612,0.0,0.019999999552965164,0.17088007633647082,-0.10000000149011612,0.10000000149011612,0.019999999552965164,0.17204650721165532,False,78
1,80,PUSH,-0.292,-0.067,0.02,0.0,0.089,0.043,0.006,-0.061,-0.021,-0.006,0.057,0.045,0.02,target_2,2,-0.1,0.0,0.02,0.035,0.1633,-0.1633,False,0.06,0.89,0.0,-1.57,-0.0,2.47,0.85,-0.02,-0.15,-0.0,-0.32,0.0,0.17,-0.03,-0.0,0.0,-0.01,-0.073,-0.024,0.0,0.15000000596046448,0.0,0.019999999552965164,0.10331505751170265,0.15000000596046448,0.10000000149011612,0.019999999552965164,0.10804629226659841,-0.10000000149011612,0.0,0.019999999552965164,0.16332176973048163,-0.10000000149011612,0.10000000149011612,0.019999999552965164,0.16635504390251965,False,79
1,81,PUSH,-0.292,-0.066,0.021,0.0,0.082,0.04,0.006,-0.067,-0.021,-0.004,0.049,0.042,0.02,target_2,2,-0.1,0.0,0.02,0.0354,0.1548,-0.1548,False,0.06,0.87,0.0,-1.61,-0.0,2.49,0.85,-0.02,-0.16,-0.0,-0.33,0.0,0.16,-0.03,0.0,0.0,-0.004,-0.09,-0.034,0.0,0.15000000596046448,0.0,0.019999999552965164,0.10938464793568546,0.15000000596046448,0.10000000149011612,0.019999999552965164,0.11646888587458597,-0.10000000149011612,0.0,0.019999999552965164,0.15480633205413338,-0.10000000149011612,0.10000000149011612,0.019999999552965164,0.15989058951954638,False,80
1,82,PUSH,-0.292,-0.065,0.022,0.0,0.074,0.038,0.007,-0.07,-0.021,-0.003,0.041,0.04,0.02,target_2,2,-0.1,0.0,0.02,0.0352,0.1467,-0.1467,False,0.05,0.85,0.0,-1.65,-0.0,2.51,0.84,-0.02,-0.16,-0.0,-0.33,0.0,0.16,-0.02,0.0,-0.0,-0.008,-0.092,-0.028,0.0,0.15000000596046448,0.0,0.019999999552965164,0.11610771421133606,0.15000000596046448,0.10000000149011612,0.019999999552965164,0.12442267268546849,-0.10000000149011612,0.0,0.019999999552965164,0.14656398063717002,-0.10000000149011612,0.10000000149011612,0.019999999552965164,0.15323511542406554,False,81
1,83,PUSH,-0.292,-0.064,0.023,0.0,0.066,0.035,0.007,-0.072,-0.02,-0.002,0.033,0.037,0.02,target_2,2,-0.1,0.0,0.02,0.0355,0.1377,-0.1377,False,0.05,0.83,0.0,-1.69,-0.0,2.52,0.84,-0.02,-0.17,-0.0,-0.34,0.0,0.15,-0.02,-0.0,0.001,-0.009,-0.111,-0.036,0.001,0.15000000596046448,0.0,0.019999999552965164,0.12271104838093726,0.15000000596046448,0.10000000149011612,0.019999999552965164,0.13288341349658112,-0.10000000149011612,0.0,0.019999999552965164,0.1380507167542816,-0.10000000149011612,0.10000000149011612,0.019999999552965164,0.14716657427597316,False,82
1,84,PUSH,-0.293,-0.062,0.024,0.0,0.057,0.033,0.007,-0.074,-0.02,-0.0,0.024,0.034,0.02,target_2,2,-0.1,0.0,0.02,0.0353,0.1291,-0.1291,False,0.05,0.81,0.0,-1.73,-0.0,2.54,0.84,-0.02,-0.17,-0.0,-0.34,0.0,0.15,-0.02,-0.0,0.0,-0.009,-0.11,-0.032,0.0,0.15000000596046448,0.0,0.019999999552965164,0.13050671056323918,0.15000000596046448,0.10000000149011612,0.019999999552965164,0.1422392410649481,-0.10000000149011612,0.0,0.019999999552965164,0.12857682672063733,-0.10000000149011612,0.10000000149011612,0.019999999552965164,0.14047063951674787,False,83
1,85,PUSH,-0.293,-0.061,0.024,0.0,0.049,0.03,0.007,-0.076,-0.02,0.0,0.016,0.032,0.02,target_2,2,-0.1,0.0,0.02,0.0354,0.1199,-0.1199,False,0.04,0.79,0.0,-1.77,-0.0,2.56,0.83,-0.02,-0.17,-0.0,-0.34,0.0,0.15,-0.02,-0.0,0.001,-0.009,-0.122,-0.032,0.001,0.15000000596046448,0.0,0.019999999552965164,0.13776792659180334,0.15000000596046448,0.10000000149011612,0.019999999552965164,0.15026643603965692,-0.10000000149011612,0.0,0.019999999552965164,0.12033287308839152,-0.10000000149011612,0.10000000149011612,0.019999999552965164,0.13446189255087382,False,84
1,86,PUSH,-0.293,-0.06,0.025,0.0,0.04,0.028,0.007,-0.078,-0.019,0.002,0.007,0.029,0.02,target_2,2,-0.1,0.0,0.02,0.0353,0.1107,-0.1107,False,0.04,0.77,0.0,-1.81,-0.0,2.58,0.83,-0.02,-0.17,-0.0,-0.34,0.0,0.15,-0.02,-0.0,-0.0,-0.01,-0.124,-0.036,0.0,0.15000000596046448,0.0,0.019999999552965164,0.14591093757732104,0.15000000596046448,0.10000000149011612,0.019999999552965164,0.15965588594314137,-0.10000000149011612,0.0,0.019999999552965164,0.11086027385355339,-0.10000000149011612,0.10000000149011612,0.019999999552965164,0.1284133970054579,False,85
1,87,PUSH,-0.293,-0.059,0.026,0.0,0.031,0.026,0.008,-0.08,-0.019,0.003,-0.003,0.027,0.02,target_2,2,-0.1,0.0,0.02,0.0354,0.101,-0.101,False,0.04,0.75,0.0,-1.85,-0.0,2.6,0.83,-0.02,-0.17,-0.0,-0.34,0.0,0.15,-0.02,-0.0,0.001,-0.01,-0.137,-0.035,0.001,0.15000000596046448,0.0,0.019999999552965164,0.15536409438445606,0.15000000596046448,0.10000000149011612,0.019999999552965164,0.16952286583661547,-0.10000000149011612,0.0,0.019999999552965164,0.10068763722067635,-0.10000000149011612,0.10000000149011612,0.019999999552965164,0.12140016683118474,False,86
1,88,PUSH,-0.293,-0.057,0.027,0.0,0.021,0.023,0.008,-0.082,-0.019,0.003,-0.012,0.024,0.02,target_2,2,-0.1,0.0,0.02,0.0353,0.0913,-0.0913,False,0.04,0.73,0.0,-1.89,-0.0,2.62,0.82,-0.02,-0.17,-0.0,-0.34,0.0,0.15,-0.02,0.0,0.001,-0.006,-0.141,-0.036,0.001,0.15000000596046448,0.0,0.019999999552965164,0.16376813466358628,0.15000000596046448,0.10000000149011612,0.019999999552965164,0.17894133719654656,-0.10000000149011612,0.0,0.019999999552965164,0.09121403544554116,-0.10000000149011612,0.10000000149011612,0.019999999552965164,0.11627553693171275,False,87
1,89,PUSH,-0.293,-0.056,0.029,0.0,0.012,0.021,0.009,-0.084,-0.019,0.004,-0.021,0.022,0.02,target_2,2,-0.1,0.0,0.02,0.0351,0.0816,-0.0816,False,0.03,0.71,0.0,-1.93,-0.0,2.64,0.82,-0.02,-0.17,-0.0,-0.34,0.0,0.15,-0.02,0.0,0.0,-0.006,-0.145,-0.034,0.0,0.15000000596046448,0.0,0.019999999552965164,0.1724094024074061,0.15000000596046448,0.10000000149011612,0.019999999552965164,0.18794946733347503,-0.10000000149011612,0.0,0.019999999552965164,0.08200609876977656,-0.10000000149011612,0.10000000149011612,0.019999999552965164,0.11101801866317228,False,88
1,90,PUSH,-0.293,-0.055,0.03,0.0,0.002,0.019,0.009,-0.085,-0.018,0.004,-0.031,0.02,0.02,target_2,2,-0.1,0.0,0.02,0.035,0.0716,-0.0716,False,0.03,0.69,0.0,-1.97,-0.0,2.66,0.82,-0.02,-0.18,-0.0,-0.34,0.0,0.15,-0.03,0.0,0.001,-0.007,-0.152,-0.035,0.0,0.15000000596046448,0.0,0.019999999552965164,0.18210162590621803,0.15000000596046448,0.10000000149011612,0.019999999552965164,0.19789139040419812,-0.10000000149011612,0.0,0.019999999552965164,0.07184010165385366,-0.10000000149011612,0.10000000149011612,0.019999999552965164,0.10564563618084093,False,89
1,91,PUSH,-0.294,-0.054,0.031,0.0,-0.008,0.016,0.01,-0.087,-0.018,0.005,-0.041,0.018,0.02,target_2,2,-0.1,0.0,0.02,0.0348,0.0616,-0.0616,False,0.03,0.67,0.0,-2.01,-0.0,2.68,0.81,-0.03,-0.18,-0.0,-0.34,0.0,0.15,-0.03,0.0,-0.0,-0.007,-0.154,-0.034,0.0,0.15000000596046448,0.0,0.019999999552965164,0.1918462985749203,0.15000000596046448,0.10000000149011612,0.019999999552965164,0.20785813075575493,-0.10000000149011612,0.0,0.019999999552965164,0.06168468347842683,-0.10000000149011612,0.10000000149011612,0.019999999552965164,0.1010198021192516,False,90
1,92,PUSH,-0.294,-0.052,0.032,0.0,-0.018,0.014,0.011,-0.089,-0.017,0.005,-0.051,0.015,0.02,target_2,2,-0.1,0.0,0.02,0.0346,0.0513,-0.0513,False,0.02,0.65,0.0,-2.05,-0.0,2.7,0.81,-0.03,-0.18,-0.0,-0.34,0.0,0.15,-0.03,0.0,-0.0,-0.007,-0.161,-0.034,0.0,0.15000000596046448,0.0,0.019999999552965164,0.20155893033082595,0.15000000596046448,0.10000000149011612,0.019999999552965164,0.218233825630736,-0.10000000149011612,0.0,0.019999999552965164,0.0512445133261248,-0.10000000149011612,0.10000000149011612,0.019999999552965164,0.09811218272646433,False,91
1,93,PUSH,-0.294,-0.051,0.033,0.0,-0.028,0.012,0.011,-0.09,-0.017,0.006,-0.061,0.013,0.02,target_2,2,-0.1,0.0,0.02,0.0342,0.0413,-0.0413,False,0.02,0.63,0.0,-2.09,-0.0,2.72,0.81,-0.03,-0.18,-0.0,-0.34,0.0,0.15,-0.03,0.0,0.001,-0.006,-0.157,-0.033,0.001,0.15000000596046448,0.0,0.019999999552965164,0.21140010055654196,0.15000000596046448,0.10000000149011612,0.019999999552965164,0.22823234383977276,-0.10000000149011612,0.0,0.019999999552965164,0.04110961099583721,-0.10000000149011612,0.10000000149011612,0.019999999552965164,0.09534149346170988,False,92
1,94,PUSH,-0.294,-0.049,0.035,0.0,-0.038,0.01,0.012,-0.092,-0.016,0.006,-0.071,0.011,0.02,target_3,3,-0.1,0.1,0.02,0.0341,0.0935,-0.0935,False,0.02,0.61,0.0,-2.13,-0.0,2.74,0.8,-0.03,-0.18,-0.0,-0.34,0.0,0.14,-0.03,0.0,0.001,-0.006,-0.166,-0.033,0.001,0.15000000596046448,0.0,0.019999999552965164,0.22127359226650917,0.15000000596046448,0.10000000149011612,0.019999999552965164,0.23824777627454577,-0.10000000149011612,0.0,0.019999999552965164,0.031016126231796545,-0.10000000149011612,0.10000000149011612,0.019999999552965164,0.0936055572691462,True,93
1,95,PUSH,0.0,0.0,1.0,0.0,-0.049,0.01,0.03,0.298,0.005,0.872,-0.094,0.011,0.024,target_3,3,-0.1,0.1,0.02,0.0458,0.0896,-0.0896,False,0.02,0.55,0.0,-2.15,-0.0,2.66,0.8,-0.0,-1.79,0.0,-0.22,0.0,-0.6,-0.0,0.002,-0.24,-0.011,-0.515,-0.01,0.128,0.15000000596046448,0.0,0.019999999552965164,0.24428058234801017,0.15000000596046448,0.10000000149011612,0.019999999552965164,0.25975566053028304,-0.10000000149011612,0.0,0.019999999552965164,0.013152947253664274,-0.10000000149011612,0.10000000149011612,0.019999999552965164,0.0892916585504959,False,94
1,96,PUSH,0.118,0.002,0.993,0.0,-0.042,0.01,0.069,0.199,0.003,0.653,-0.11,0.011,0.028,target_3,3,-0.1,0.1,0.02,0.0791,0.0903,-0.0903,False,0.02,0.46,0.0,-2.18,-0.0,2.63,0.8,-0.0,-1.32,0.0,-0.19,0.0,-0.25,-0.0,0.0,-0.715,-0.01,-0.348,0.003,0.029,0.15000000596046448,0.0,0.019999999552965164,0.26035553212212353,0.15000000596046448,0.10000000149011612,0.019999999552965164,0.2749272692401297,-0.10000000149011612,0.0,0.019999999552965164,0.016881942345306045,-0.10000000149011612,0.10000000149011612,0.019999999552965164,0.0899166293996328,False,95
1,97,PUSH,0.082,0.001,0.997,0.0,-0.041,0.01,0.104,0.225,0.004,0.816,-0.124,0.011,0.026,target_3,3,-0.1,0.1,0.02,0.1141,0.0925,-0.0925,False,0.02,0.39,0.0,-2.18,-0.0,2.55,0.8,-0.0,-1.55,0.0,-0.0,0.0,-0.6,-0.0,-0.0,-1.225,-0.01,-0.361,0.004,-0.163,0.15000000596046448,0.0,0.019999999552965164,0.2742863526894821,0.15000000596046448,0.10000000149011612,0.019999999552965164,0.28815447859948257,-0.10000000149011612,0.0,0.019999999552965164,0.027073971519502762,-0.10000000149011612,0.10000000149011612,0.019999999552965164,0.09237423991069978,False,96
1,98,PUSH,0.172,0.002,0.985,0.0,-0.035,0.01,0.143,0.152,0.003,0.642,-0.133,0.011,0.021,target_3,3,-0.1,0.1,0.02,0.1571,0.0952,-0.0952,False,0.02,0.32,0.0,-2.16,-0.0,2.47,0.8,-0.0,-1.13,0.0,0.15,0.0,-0.61,-0.0,-3.142,-1.502,3.132,-0.032,0.0,0.053,0.15000000596046448,0.0,0.019999999552965164,0.2832154716369093,0.15000000596046448,0.10000000149011612,0.019999999552965164,0.2966664855351168,-0.10000000149011612,0.0,0.019999999552965164,0.0347994238823922,-0.10000000149011612,0.10000000149011612,0.019999999552965164,0.09492628807546981,False,97
1,99,PUSH,-0.916,-0.362,-0.174,0.0,-0.057,-0.004,0.149,-0.694,-0.185,-0.522,-0.132,0.011,0.02,target_3,3,-0.1,0.1,0.02,0.1498,0.0946,-0.0946,False,-0.0,0.24,-0.01,-2.27,0.0,2.54,0.77,-0.28,-0.22,-0.06,-1.79,0.02,0.53,-0.24,-0.002,-1.565,-0.008,0.102,-0.001,-0.097,0.15000000596046448,0.0,0.019999999552965164,0.2822144634169234,0.15000000596046448,0.10000000149011612,0.019999999552965164,0.2957110137058521,-0.10000000149011612,0.0,0.019999999552965164,0.03383784722219443,-0.10000000149011612,0.10000000149011612,0.019999999552965164,0.09457801102726386,False,98
1,100,PUSH,-0.905,-0.314,-0.286,0.0,-0.094,-0.018,0.134,-0.206,-0.119,0.0,-0.132,0.011,0.02,target_3,3,-0.1,0.1,0.02,0.1233,0.0947,-0.0947,False,-0.02,0.2,-0.02,-2.38,0.01,2.57,0.75,-0.18,-0.46,-0.07,-0.71,0.02,0.27,-0.21,0.0,-1.571,-0.01,-0.001,0.0,0.001,0.15000000596046448,0.0,0.019999999552965164,0.2822144634169234,0.15000000596046448,0.10000000149011612,0.019999999552965164,0.2957110137058521,-0.10000000149011612,0.0,0.019999999552965164,0.03383784722219443,-0.10000000149011612,0.10000000149011612,0.019999999552965164,0.09457801102726386,False,99
1,101,PUSH,-0.923,-0.308,-0.229,0.0,-0.125,-0.031,0.125,-0.472,-0.115,-0.181,-0.132,0.011,0.02,target_3,3,-0.1,0.1,0.02,0.1137,0.0947,-0.0947,False,-0.04,0.15,-0.03,-2.49,0.01,2.64,0.71,-0.22,-0.49,-0.09,-1.33,0.02,0.52,-0.25,0.0,-1.571,-0.01,-0.0,0.0,0.0,0.15000000596046448,0.0,0.019999999552965164,0.2822144634169234,0.15000000596046448,0.10000000149011612,0.019999999552965164,0.2957110137058521,-0.10000000149011612,0.0,0.019999999552965164,0.03383784722219443,-0.10000000149011612,0.10000000149011612,0.019999999552965164,0.09457801102726386,False,100
1,102,PUSH,-0.955,-0.205,-0.216,0.0,-0.161,-0.04,0.116,-0.376,-0.064,-0.092,-0.132,0.011,0.02,target_3,3,-0.1,0.1,0.02,0.1121,0.0947,-0.0947,False,-0.05,0.1,-0.04,-2.6,0.01,2.7,0.69,-0.15,-0.52,-0.08,-1.1,0.0,0.45,-0.19,0.0,-1.571,-0.01,-0.0,0.0,0.0,0.15000000596046448,0.0,0.019999999552965164,0.2822144634169234,0.15000000596046448,0.10000000149011612,0.019999999552965164,0.2957110137058521,-0.10000000149011612,0.0,0.019999999552965164,0.03383784722219443,-0.10000000149011612,0.10000000149011612,0.019999999552965164,0.09457801102726386,False,101
1,103,PUSH,0.894,0.298,0.334,0.0,-0.146,-0.028,0.113,1.038,0.118,0.406,-0.132,0.011,0.02,target_3,3,-0.1,0.1,0.02,0.102,0.0947,-0.0947,False,-0.03,0.15,-0.02,-2.52,0.01,2.63,0.72,0.27,0.87,0.12,2.59,-0.0,-0.58,0.26,0.0,-1.571,-0.01,-0.0,-0.0,0.0,0.15000000596046448,0.0,0.019999999552965164,0.2822144634169234,0.15000000596046448,0.10000000149011612,0.019999999552965164,0.2957110137058521,-0.10000000149011612,0.0,0.019999999552965164,0.03383784722219443,-0.10000000149011612,0.10000000149011612,0.019999999552965164,0.09457801102726386,False,102
1,104,PUSH,-0.009,-0.027,-0.299,0.0,-0.135,-0.029,0.109,-0.52,0.018,-0.415,-0.132,0.011,0.02,target_3,3,-0.1,0.1,0.02,0.0973,0.0947,-0.0947,False,-0.04,0.17,-0.02,-2.53,0.01,2.71,0.72,-0.03,0.18,0.0,-1.18,0.02,0.66,-0.05,0.0,-1.571,-0.01,-0.0,0.0,0.0,0.15000000596046448,0.0,0.019999999552965164,0.2822144634169234,0.15000000596046448,0.10000000149011612,0.019999999552965164,0.2957110137058521,-0.10000000149011612,0.0,0.019999999552965164,0.03383784722219443,-0.10000000149011612,0.10000000149011612,0.019999999552965164,0.09457801102726386,False,103
1,105,PUSH,-0.046,-0.023,-0.296,0.0,-0.138,-0.03,0.097,-0.003,-0.008,-0.09,-0.132,0.011,0.02,target_3,3,-0.1,0.1,0.02,0.0871,0.0947,-0.0947,False,-0.04,0.2,-0.02,-2.52,0.01,2.73,0.71,-0.02,0.26,0.0,0.06,0.02,0.12,-0.03,0.0,-1.571,-0.01,-0.0,0.0,0.0,0.15000000596046448,0.0,0.019999999552965164,0.2822144634169234,0.15000000596046448,0.10000000149011612,0.019999999552965164,0.2957110137058521,-0.10000000149011612,0.0,0.019999999552965164,0.03383784722219443,-0.10000000149011612,0.10000000149011612,0.019999999552965164,0.09457801102726386,False,104
1,106,PUSH,-0.042,-0.023,-0.296,0.0,-0.14,-0.031,0.085,-0.031,-0.006,-0.115,-0.132,0.011,0.02,target_3,3,-0.1,0.1,0.02,0.0779,0.0947,-0.0947,False,-0.04,0.23,-0.02,-2.53,0.01,2.76,0.71,-0.02,0.28,0.0,-0.02,0.02,0.24,-0.03,0.0,-1.571,-0.01,0.0,-0.0,0.0,0.15000000596046448,0.0,0.019999999552965164,0.2822144634169234,0.15000000596046448,0.10000000149011612,0.019999999552965164,0.2957110137058521,-0.10000000149011612,0.0,0.019999999552965164,0.03383784722219443,-0.10000000149011612,0.10000000149011612,0.019999999552965164,0.09457801102726386,False,105
1,107,PUSH,-0.041,-0.024,-0.296,0.0,-0.141,-0.032,0.074,-0.029,-0.006,-0.112,-0.132,0.011,0.02,target_3,3,-0.1,0.1,0.02,0.0695,0.0947,-0.0947,False,-0.04,0.26,-0.02,-2.53,0.02,2.79,0.7,-0.02,0.28,0.01,-0.01,0.02,0.24,-0.03,0.0,-1.571,-0.01,0.0,-0.0,0.0,0.15000000596046448,0.0,0.019999999552965164,0.2822144634169234,0.15000000596046448,0.10000000149011612,0.019999999552965164,0.2957110137058521,-0.10000000149011612,0.0,0.019999999552965164,0.03383784722219443,-0.10000000149011612,0.10000000149011612,0.019999999552965164,0.09457801102726386,False,106
1,108,PUSH,-0.04,-0.024,-0.296,0.0,-0.143,-0.033,0.063,-0.029,-0.006,-0.111,-0.132,0.011,0.02,target_3,3,-0.1,0.1,0.02,0.062,0.0947,-0.0947,False,-0.05,0.29,-0.02,-2.53,0.02,2.82,0.7,-0.02,0.29,0.01,-0.0,0.02,0.23,-0.03,0.0,-1.571,-0.01,0.0,-0.0,0.0,0.15000000596046448,0.0,0.019999999552965164,0.2822144634169234,0.15000000596046448,0.10000000149011612,0.019999999552965164,0.2957110137058521,-0.10000000149011612,0.0,0.019999999552965164,0.03383784722219443,-0.10000000149011612,0.10000000149011612,0.019999999552965164,0.09457801102726386,False,107
1,109,PUSH,-0.039,-0.024,-0.296,0.0,-0.145,-0.034,0.051,-0.029,-0.006,-0.11,-0.132,0.011,0.02,target_3,3,-0.1,0.1,0.02,0.0559,0.0947,-0.0947,False,-0.05,0.32,-0.02,-2.53,0.02,2.85,0.7,-0.02,0.29,0.01,0.01,0.02,0.23,-0.03,0.0,-1.571,-0.01,0.0,-0.0,0.0,0.15000000596046448,0.0,0.019999999552965164,0.2822144634169234,0.15000000596046448,0.10000000149011612,0.019999999552965164,0.2957110137058521,-0.10000000149011612,0.0,0.019999999552965164,0.03383784722219443,-0.10000000149011612,0.10000000149011612,0.019999999552965164,0.09457801102726386,False,108
1,110,PUSH,-0.037,-0.025,-0.297,0.0,-0.146,-0.034,0.04,-0.028,-0.006,-0.108,-0.132,0.011,0.02,target_3,3,-0.1,0.1,0.02,0.0517,0.0947,-0.0947,False,-0.05,0.35,-0.02,-2.52,0.02,2.88,0.69,-0.03,0.29,0.01,0.02,0.02,0.23,-0.03,0.0,-1.571,-0.01,-0.0,0.0,0.0,0.15000000596046448,0.0,0.019999999552965164,0.2822144634169234,0.15000000596046448,0.10000000149011612,0.019999999552965164,0.2957110137058521,-0.10000000149011612,0.0,0.019999999552965164,0.03383784722219443,-0.10000000149011612,0.10000000149011612,0.019999999552965164,0.09457801102726386,False,109
1,111,PUSH,-0.034,-0.026,-0.297,0.0,-0.148,-0.035,0.029,-0.026,-0.006,-0.106,-0.132,0.011,0.02,target_3,3,-0.1,0.1,0.02,0.0497,0.0947,-0.0947,False,-0.06,0.39,-0.02,-2.52,0.02,2.91,0.69,-0.03,0.3,0.02,0.03,0.01,0.22,-0.03,0.0,-1.571,-0.01,-0.0,0.0,0.0,0.15000000596046448,0.0,0.019999999552965164,0.2822144634169234,0.15000000596046448,0.10000000149011612,0.019999999552965164,0.2957110137058521,-0.10000000149011612,0.0,0.019999999552965164,0.03383784722219443,-0.10000000149011612,0.10000000149011612,0.019999999552965164,0.09457801102726386,False,110
1,112,PUSH,-0.027,-0.028,-0.297,0.0,-0.149,-0.036,0.017,-0.022,-0.007,-0.104,-0.132,0.011,0.02,target_3,3,-0.1,0.1,0.02,0.0504,0.0947,-0.0947,False,-0.06,0.42,-0.01,-2.51,0.03,2.93,0.69,-0.03,0.3,0.02,0.05,0.01,0.21,-0.03,0.0,-1.571,-0.01,0.0,-0.0,0.0,0.15000000596046448,0.0,0.019999999552965164,0.2822144634169234,0.15000000596046448,0.10000000149011612,0.019999999552965164,0.2957110137058521,-0.10000000149011612,0.0,0.019999999552965164,0.03383784722219443,-0.10000000149011612,0.10000000149011612,0.019999999552965164,0.09457801102726386,False,111
1,113,PUSH,0.102,0.282,0.005,0.0,-0.145,-0.026,0.018,0.037,0.136,0.006,-0.129,0.02,0.02,target_3,3,-0.1,0.1,0.02,0.0488,0.085,-0.085,False,-0.04,0.42,-0.01,-2.5,0.03,2.93,0.71,0.28,0.02,0.02,0.08,0.01,-0.06,0.19,0.0,-1.571,-0.003,0.074,0.275,-0.037,0.15000000596046448,0.0,0.019999999552965164,0.2797159332714874,0.15000000596046448,0.10000000149011612,0.019999999552965164,0.29024300777858164,-0.10000000149011612,0.0,0.019999999552965164,0.03522782868093445,-0.10000000149011612,0.10000000149011612,0.019999999552965164,0.08509406649110059,False,112
1,114,PUSH,0.102,0.282,0.005,0.0,-0.141,-0.015,0.018,0.031,0.108,0.003,-0.126,0.031,0.02,target_3,3,-0.1,0.1,0.02,0.0483,0.0737,-0.0737,False,-0.01,0.43,-0.01,-2.49,0.03,2.92,0.73,0.24,0.03,0.0,0.09,-0.0,-0.05,0.18,0.0,-1.571,-0.004,0.057,0.191,0.0,0.15000000596046448,0.0,0.019999999552965164,0.27773549159258787,0.15000000596046448,0.10000000149011612,0.019999999552965164,0.28449429431152473,-0.10000000149011612,0.0,0.019999999552965164,0.04045985569072095,-0.10000000149011612,0.10000000149011612,0.019999999552965164,0.07373601649228137,False,113
1,115,PUSH,0.102,0.282,0.005,0.0,-0.138,-0.004,0.018,0.031,0.115,0.003,-0.122,0.043,0.02,target_3,3,-0.1,0.1,0.02,0.0489,0.0614,-0.0614,False,0.01,0.43,-0.01,-2.48,0.03,2.91,0.76,0.24,0.03,0.0,0.09,-0.0,-0.06,0.19,0.0,-1.571,-0.002,0.073,0.229,0.001,0.15000000596046448,0.0,0.019999999552965164,0.27537792802345784,0.15000000596046448,0.10000000149011612,0.019999999552965164,0.27790826438299016,-0.10000000149011612,0.0,0.019999999552965164,0.048301138024221466,-0.10000000149011612,0.10000000149011612,0.019999999552965164,0.06109828233516989,False,114
1,116,PUSH,0.102,0.282,0.005,0.0,-0.134,0.007,0.018,0.031,0.111,0.003,-0.119,0.053,0.02,target_3,3,-0.1,0.1,0.02,0.0482,0.0504,-0.0504,False,0.03,0.44,-0.01,-2.47,0.03,2.91,0.78,0.24,0.04,-0.0,0.1,-0.0,-0.06,0.19,0.0,-1.571,-0.002,0.054,0.199,0.001,0.15000000596046448,0.0,0.019999999552965164,0.2741714850357891,0.15000000596046448,0.10000000149011612,0.019999999552965164,0.2730750873785466,-0.10000000149011612,0.0,0.019999999552965164,0.056302752538180484,-0.10000000149011612,0.10000000149011612,0.019999999552965164,0.0506951682455686,False,115
1,117,PUSH,0.102,0.282,0.005,0.0,-0.13,0.019,0.019,0.03,0.113,0.003,-0.115,0.065,0.02,target_3,3,-0.1,0.1,0.02,0.0484,0.0384,-0.0384,False,0.06,0.44,-0.01,-2.46,0.03,2.9,0.81,0.23,0.04,0.0,0.11,-0.0,-0.06,0.18,0.0,-1.571,-0.002,0.06,0.223,0.001,0.15000000596046448,0.0,0.019999999552965164,0.2728552787817128,0.15000000596046448,0.10000000149011612,0.019999999552965164,0.26730133419673446,-0.10000000149011612,0.0,0.019999999552965164,0.06670831998556491,-0.10000000149011612,0.10000000149011612,0.019999999552965164,0.03807886631196692,False,116
1,118,PUSH,0.103,0.282,0.005,0.0,-0.126,0.03,0.019,0.03,0.111,0.004,-0.112,0.075,0.02,target_3,3,-0.1,0.1,0.02,0.0475,0.0277,-0.0277,True,0.08,0.45,-0.01,-2.44,0.03,2.89,0.83,0.23,0.04,0.0,0.12,-0.01,-0.07,0.18,0.0,-1.571,-0.002,0.053,0.198,0.0,0.15000000596046448,0.0,0.019999999552965164,0.2725233992215777,0.15000000596046448,0.10000000149011612,0.019999999552965164,0.26319005147951396,-0.10000000149011612,0.0,0.019999999552965164,0.0759539331716088,-0.10000000149011612,0.10000000149011612,0.019999999552965164,0.027730849946278675,False,117
