episode,step,task,action_x,action_y,action_z,action_gripper,ee_x,ee_y,ee_z,ee_vx,ee_vy,ee_vz,gripper_width,gripper_state,cube_x,cube_y,cube_z,active_target_name,active_target_index,target_x,target_y,target_z,dist_ee_cube,dist_cube_target,reward,success,obstacle_in_path,obstacle_count,obstacle_1_type,obstacle_1_mass,obstacle_1_size_x,obstacle_1_size_y,obstacle_1_size_z,object_1_type,object_1_mass,object_1_size_x,object_1_size_y,object_1_size_z,table_x,table_y,table_z,table_offset_x,robot_control,robot_block_gripper,robot_base_x,robot_base_y,robot_base_z,scripts,joint_1,joint_2,joint_3,joint_4,joint_5,joint_6,joint_7,joint_vel_1,joint_vel_2,joint_vel_3,joint_vel_4,joint_vel_5,joint_vel_6,joint_vel_7,cube_roll,cube_pitch,cube_yaw,cube_vx,cube_vy,cube_vz,goal_mode,goal_n_targets,goal_0_name,goal_0_x,goal_0_y,goal_0_z,dist_goal_0,goal_1_name,goal_1_x,goal_1_y,goal_1_z,dist_goal_1,goal_2_name,goal_2_x,goal_2_y,goal_2_z,dist_goal_2,goal_3_name,goal_3_x,goal_3_y,goal_3_z,dist_goal_3,target_changed,timestep
1,1,PICK_AND_PLACE,-0.108,0.0,-0.994,1.0,0.042,-0.0,0.175,0.03,-0.002,-0.026,0.07,ABERTA,0.03,0.0,0.02,target,0,0.15,0.0,0.02,0.1559,0.12,-0.12,False,True,1,box,0.0,0.02,0.3,0.5,box,1.0,0.04,0.04,0.04,1.1,0.7,0.4,-0.3,ee,False,-0.6,0.0,0.05,script_1|reach_only|left_right,-0.0,0.44,0.0,-1.88,-0.0,2.35,0.79,-0.0,-0.04,0.0,-0.24,0.0,0.59,-0.03,0.0,-0.0,-0.0,-0.0,0.0,-0.0,goal_sequence,4,target,0.15000000596046448,0.0,0.019999999552965164,0.12000000596046448,target_1,0.15000000596046448,0.10000000149011612,0.019999999552965164,0.15620499905103785,target_2,-0.10000000149011612,0.0,0.019999999552965164,0.13000000149011612,target_3,-0.10000000149011612,0.10000000149011612,0.019999999552965164,0.16401219675820886,True,0
1,2,PICK_AND_PLACE,-0.208,0.006,-0.978,1.0,0.045,-0.0,0.173,0.019,0.002,-0.018,0.079,ABERTA,0.03,0.0,0.02,target,0,0.15,0.0,0.02,0.1541,0.12,-0.12,False,True,1,box,0.0,0.02,0.3,0.5,box,1.0,0.04,0.04,0.04,1.1,0.7,0.4,-0.3,ee,False,-0.6,0.0,0.05,script_1|reach_only|left_right,-0.0,0.44,0.0,-1.9,-0.0,2.4,0.79,-0.01,-0.02,0.01,-0.15,0.02,0.39,-0.0,0.0,-0.0,-0.0,-0.0,0.0,-0.0,goal_sequence,4,target,0.15000000596046448,0.0,0.019999999552965164,0.12000000596046448,target_1,0.15000000596046448,0.10000000149011612,0.019999999552965164,0.15620499905103785,target_2,-0.10000000149011612,0.0,0.019999999552965164,0.13000000149011612,target_3,-0.10000000149011612,0.10000000149011612,0.019999999552965164,0.16401219675820886,False,1
1,3,PICK_AND_PLACE,-0.265,0.002,-0.964,1.0,0.044,-0.0,0.171,-0.032,0.001,-0.103,0.08,ABERTA,0.03,0.0,0.02,target,0,0.15,0.0,0.02,0.1519,0.12,-0.12,False,True,1,box,0.0,0.02,0.3,0.5,box,1.0,0.04,0.04,0.04,1.1,0.7,0.4,-0.3,ee,False,-0.6,0.0,0.05,script_1|reach_only|left_right,-0.0,0.43,0.0,-1.91,-0.0,2.41,0.79,-0.0,0.12,0.0,-0.07,0.0,0.09,0.0,0.0,-0.0,-0.0,-0.0,0.0,-0.0,goal_sequence,4,target,0.15000000596046448,0.0,0.019999999552965164,0.12000000596046448,target_1,0.15000000596046448,0.10000000149011612,0.019999999552965164,0.15620499905103785,target_2,-0.10000000149011612,0.0,0.019999999552965164,0.13000000149011612,target_3,-0.10000000149011612,0.10000000149011612,0.019999999552965164,0.16401219675820886,False,2
1,4,PICK_AND_PLACE,-0.255,0.001,-0.967,1.0,0.034,-0.0,0.14,-0.359,0.0,-1.169,0.08,ABERTA,0.03,0.0,0.02,target,0,0.15,0.0,0.02,0.1199,0.12,-0.12,False,True,1,box,0.0,0.02,0.3,0.5,box,1.0,0.04,0.04,0.04,1.1,0.7,0.4,-0.3,ee,False,-0.6,0.0,0.05,script_1|reach_only|left_right,-0.0,0.48,0.0,-1.91,-0.0,2.42,0.79,0.0,1.82,-0.0,-0.04,0.0,0.05,0.0,0.0,-0.0,-0.0,-0.0,0.0,-0.0,goal_sequence,4,target,0.15000000596046448,0.0,0.019999999552965164,0.12000000596046448,target_1,0.15000000596046448,0.10000000149011612,0.019999999552965164,0.15620499905103785,target_2,-0.10000000149011612,0.0,0.019999999552965164,0.13000000149011612,target_3,-0.10000000149011612,0.10000000149011612,0.019999999552965164,0.16401219675820886,False,3
1,5,PICK_AND_PLACE,-0.217,0.001,-0.976,1.0,0.021,0.0,0.086,-0.424,0.001,-1.165,0.08,ABERTA,0.03,0.0,0.02,target,0,0.15,0.0,0.02,0.0662,0.12,-0.12,False,True,1,box,0.0,0.02,0.3,0.5,box,1.0,0.04,0.04,0.04,1.1,0.7,0.4,-0.3,ee,False,-0.6,0.0,0.05,script_1|reach_only|left_right,-0.0,0.57,0.0,-1.93,-0.0,2.48,0.79,0.0,1.86,-0.0,-0.12,-0.0,0.45,0.0,0.0,-0.0,-0.0,0.0,0.0,0.0,goal_sequence,4,target,0.15000000596046448,0.0,0.019999999552965164,0.12000000596046448,target_1,0.15000000596046448,0.10000000149011612,0.019999999552965164,0.15620499905103785,target_2,-0.10000000149011612,0.0,0.019999999552965164,0.13000000149011612,target_3,-0.10000000149011612,0.10000000149011612,0.019999999552965164,0.16401219675820886,False,4
1,6,PICK_AND_PLACE,0.258,-0.0,0.966,1.0,0.0,0.0,0.05,-0.304,0.001,-0.566,0.08,ABERTA,0.03,0.0,0.02,target,0,0.15,0.0,0.02,0.0422,0.12,-0.12,False,True,1,box,0.0,0.02,0.3,0.5,box,1.0,0.04,0.04,0.04,1.1,0.7,0.4,-0.3,ee,False,-0.6,0.0,0.05,script_1|reach_only|left_right,-0.0,0.63,0.0,-1.9,-0.0,2.41,0.79,-0.0,1.01,0.0,0.21,0.0,-0.56,-0.0,-0.0,-0.0,-0.0,0.0,-0.0,0.0,goal_sequence,4,target,0.15000000596046448,0.0,0.019999999552965164,0.12000000596046448,target_1,0.15000000596046448,0.10000000149011612,0.019999999552965164,0.15620499905103785,target_2,-0.10000000149011612,0.0,0.019999999552965164,0.13000000149011612,target_3,-0.10000000149011612,0.10000000149011612,0.019999999552965164,0.16401219675820886,False,5
1,7,PICK_AND_PLACE,0.391,-0.0,0.92,1.0,-0.001,0.0,0.038,0.033,-0.0,-0.008,0.08,ABERTA,0.03,0.0,0.02,target,0,0.15,0.0,0.02,0.0355,0.12,-0.12,False,True,1,box,0.0,0.02,0.3,0.5,box,1.0,0.04,0.04,0.04,1.1,0.7,0.4,-0.3,ee,False,-0.6,0.0,0.05,script_1|reach_only|left_right,-0.0,0.65,0.0,-1.92,-0.0,2.47,0.79,0.0,-0.02,-0.0,-0.15,-0.0,0.47,0.0,-0.0,-0.0,-0.0,0.0,-0.0,0.0,goal_sequence,4,target,0.15000000596046448,0.0,0.019999999552965164,0.12000000596046448,target_1,0.15000000596046448,0.10000000149011612,0.019999999552965164,0.15620499905103785,target_2,-0.10000000149011612,0.0,0.019999999552965164,0.13000000149011612,target_3,-0.10000000149011612,0.10000000149011612,0.019999999552965164,0.16401219675820886,False,6
1,8,PICK_AND_PLACE,0.349,-0.0,0.937,1.0,0.005,0.0,0.048,0.267,-0.0,0.556,0.08,ABERTA,0.03,0.0,0.02,target,0,0.15,0.0,0.02,0.0376,0.12,-0.12,False,True,1,box,0.0,0.02,0.3,0.5,box,1.0,0.04,0.04,0.04,1.1,0.7,0.4,-0.3,ee,False,-0.6,0.0,0.05,script_1|reach_only|left_right,-0.0,0.62,0.0,-1.94,-0.0,2.5,0.79,0.0,-0.96,-0.0,-0.12,-0.0,0.24,0.0,-0.0,-0.0,-0.0,0.0,-0.0,0.0,goal_sequence,4,target,0.15000000596046448,0.0,0.019999999552965164,0.12000000596046448,target_1,0.15000000596046448,0.10000000149011612,0.019999999552965164,0.15620499905103785,target_2,-0.10000000149011612,0.0,0.019999999552965164,0.13000000149011612,target_3,-0.10000000149011612,0.10000000149011612,0.019999999552965164,0.16401219675820886,False,7
1,9,PICK_AND_PLACE,0.326,-0.0,0.945,1.0,0.018,0.0,0.08,0.312,-0.0,0.798,0.08,ABERTA,0.03,0.0,0.02,target,0,0.15,0.0,0.02,0.0618,0.12,-0.12,False,True,1,box,0.0,0.02,0.3,0.5,box,1.0,0.04,0.04,0.04,1.1,0.7,0.4,-0.3,ee,False,-0.6,0.0,0.05,script_1|reach_only|left_right,-0.0,0.57,0.0,-1.94,-0.0,2.48,0.79,-0.0,-1.3,0.0,0.02,0.0,-0.12,-0.0,-0.0,-0.0,-0.0,0.0,-0.0,0.0,goal_sequence,4,target,0.15000000596046448,0.0,0.019999999552965164,0.12000000596046448,target_1,0.15000000596046448,0.10000000149011612,0.019999999552965164,0.15620499905103785,target_2,-0.10000000149011612,0.0,0.019999999552965164,0.13000000149011612,target_3,-0.10000000149011612,0.10000000149011612,0.019999999552965164,0.16401219675820886,False,8
1,10,PICK_AND_PLACE,0.3,-0.0,0.954,1.0,0.028,0.0,0.118,0.183,-0.0,0.602,0.08,ABERTA,0.03,0.0,0.02,target,0,0.15,0.0,0.02,0.098,0.12,-0.12,False,True,1,box,0.0,0.02,0.3,0.5,box,1.0,0.04,0.04,0.04,1.1,0.7,0.4,-0.3,ee,False,-0.6,0.0,0.05,script_1|reach_only|left_right,-0.0,0.52,0.0,-1.91,-0.0,2.42,0.79,-0.0,-0.88,0.0,0.22,0.0,-0.5,-0.0,0.0,-0.0,-0.0,-0.0,0.0,-0.0,goal_sequence,4,target,0.15000000596046448,0.0,0.019999999552965164,0.12000000596046448,target_1,0.15000000596046448,0.10000000149011612,0.019999999552965164,0.15620499905103785,target_2,-0.10000000149011612,0.0,0.019999999552965164,0.13000000149011612,target_3,-0.10000000149011612,0.10000000149011612,0.019999999552965164,0.16401219675820886,False,9
1,11,PICK_AND_PLACE,0.677,-0.001,0.736,1.0,0.026,0.0,0.126,-0.096,-0.0,-0.028,0.08,ABERTA,0.03,0.0,0.02,target,0,0.15,0.0,0.02,0.1064,0.12,-0.12,False,True,1,box,0.0,0.02,0.3,0.5,box,1.0,0.04,0.04,0.04,1.1,0.7,0.4,-0.3,ee,False,-0.6,0.0,0.05,script_1|reach_only|left_right,-0.0,0.51,0.0,-1.88,-0.0,2.33,0.79,-0.0,0.04,0.0,0.12,0.0,-0.64,-0.0,0.0,-0.0,-0.0,-0.0,0.0,-0.0,goal_sequence,4,target,0.15000000596046448,0.0,0.019999999552965164,0.12000000596046448,target_1,0.15000000596046448,0.10000000149011612,0.019999999552965164,0.15620499905103785,target_2,-0.10000000149011612,0.0,0.019999999552965164,0.13000000149011612,target_3,-0.10000000149011612,0.10000000149011612,0.019999999552965164,0.16401219675820886,False,10
1,12,PICK_AND_PLACE,0.042,-0.0,-0.929,1.0,0.036,0.0,0.104,-0.279,-0.0,-1.214,0.08,ABERTA,0.03,0.0,0.02,target,0,0.15,0.0,0.02,0.0846,0.12,-0.12,False,True,1,box,0.0,0.02,0.3,0.5,box,1.0,0.04,0.04,0.04,1.1,0.7,0.4,-0.3,ee,False,-0.6,0.0,0.05,script_1|reach_only|left_right,-0.0,0.56,0.0,-1.9,-0.0,2.47,0.79,0.0,2.0,-0.0,-0.1,-0.01,1.08,0.0,0.0,-0.0,-0.0,-0.0,0.0,-0.0,goal_sequence,4,target,0.15000000596046448,0.0,0.019999999552965164,0.12000000596046448,target_1,0.15000000596046448,0.10000000149011612,0.019999999552965164,0.15620499905103785,target_2,-0.10000000149011612,0.0,0.019999999552965164,0.13000000149011612,target_3,-0.10000000149011612,0.10000000149011612,0.019999999552965164,0.16401219675820886,False,11
1,13,PICK_AND_PLACE,-0.048,-0.0,-0.555,1.0,0.026,0.0,0.063,-0.281,0.0,-0.753,0.08,ABERTA,0.03,0.0,0.02,target,0,0.15,0.0,0.02,0.0434,0.12,-0.12,False,True,1,box,0.0,0.02,0.3,0.5,box,1.0,0.04,0.04,0.04,1.1,0.7,0.4,-0.3,ee,False,-0.6,0.0,0.05,script_1|reach_only|left_right,-0.0,0.63,0.0,-1.89,-0.0,2.49,0.79,0.0,1.25,-0.0,0.05,-0.0,0.15,-0.0,-0.0,-0.0,-0.0,0.0,-0.0,0.0,goal_sequence,4,target,0.15000000596046448,0.0,0.019999999552965164,0.12000000596046448,target_1,0.15000000596046448,0.10000000149011612,0.019999999552965164,0.15620499905103785,target_2,-0.10000000149011612,0.0,0.019999999552965164,0.13000000149011612,target_3,-0.10000000149011612,0.10000000149011612,0.019999999552965164,0.16401219675820886,False,12
1,14,PICK_AND_PLACE,0.013,-0.0,-0.111,1.0,0.022,0.0,0.044,-0.059,0.0,-0.191,0.08,ABERTA,0.03,0.0,0.02,target,0,0.15,0.0,0.02,0.0258,0.12,-0.12,False,True,1,box,0.0,0.02,0.3,0.5,box,1.0,0.04,0.04,0.04,1.1,0.7,0.4,-0.3,ee,False,-0.6,0.0,0.05,script_1|reach_only|left_right,-0.0,0.66,0.0,-1.9,-0.0,2.53,0.79,0.0,0.31,-0.0,-0.07,-0.0,0.29,0.0,-0.0,-0.0,-0.0,0.0,-0.0,0.0,goal_sequence,4,target,0.15000000596046448,0.0,0.019999999552965164,0.12000000596046448,target_1,0.15000000596046448,0.10000000149011612,0.019999999552965164,0.15620499905103785,target_2,-0.10000000149011612,0.0,0.019999999552965164,0.13000000149011612,target_3,-0.10000000149011612,0.10000000149011612,0.019999999552965164,0.16401219675820886,False,13
1,15,PICK_AND_PLACE,0.03,-0.0,-0.052,1.0,0.024,0.0,0.042,0.019,-0.0,-0.015,0.08,ABERTA,0.03,0.0,0.02,target,0,0.15,0.0,0.02,0.0228,0.12,-0.12,False,True,1,box,0.0,0.02,0.3,0.5,box,1.0,0.04,0.04,0.04,1.1,0.7,0.4,-0.3,ee,False,-0.6,0.0,0.05,script_1|reach_only|left_right,-0.0,0.66,0.0,-1.91,-0.0,2.56,0.79,0.0,0.03,-0.0,-0.06,-0.0,0.26,0.0,-0.0,-0.0,-0.0,0.0,0.0,0.0,goal_sequence,4,target,0.15000000596046448,0.0,0.019999999552965164,0.12000000596046448,target_1,0.15000000596046448,0.10000000149011612,0.019999999552965164,0.15620499905103785,target_2,-0.10000000149011612,0.0,0.019999999552965164,0.13000000149011612,target_3,-0.10000000149011612,0.10000000149011612,0.019999999552965164,0.16401219675820886,False,14
1,16,PICK_AND_PLACE,0.027,-0.0,-0.054,1.0,0.025,0.0,0.04,0.007,-0.0,-0.018,0.08,ABERTA,0.03,0.0,0.02,target,0,0.15,0.0,0.02,0.0204,0.12,-0.12,False,True,1,box,0.0,0.02,0.3,0.5,box,1.0,0.04,0.04,0.04,1.1,0.7,0.4,-0.3,ee,False,-0.6,0.0,0.05,script_1|reach_only|left_right,-0.0,0.67,0.0,-1.9,-0.0,2.57,0.79,0.0,0.05,-0.0,0.02,-0.0,0.05,0.0,-0.0,-0.0,-0.0,0.0,0.0,0.0,goal_sequence,4,target,0.15000000596046448,0.0,0.019999999552965164,0.12000000596046448,target_1,0.15000000596046448,0.10000000149011612,0.019999999552965164,0.15620499905103785,target_2,-0.10000000149011612,0.0,0.019999999552965164,0.13000000149011612,target_3,-0.10000000149011612,0.10000000149011612,0.019999999552965164,0.16401219675820886,False,15
1,17,PICK_AND_PLACE,0.027,-0.0,-0.053,1.0,0.026,0.0,0.038,0.006,-0.0,-0.018,0.08,ABERTA,0.03,0.0,0.02,target,0,0.15,0.0,0.02,0.0181,0.12,-0.12,False,True,1,box,0.0,0.02,0.3,0.5,box,1.0,0.04,0.04,0.04,1.1,0.7,0.4,-0.3,ee,False,-0.6,0.0,0.05,script_1|reach_only|left_right,-0.0,0.67,0.0,-1.9,-0.0,2.57,0.79,0.0,0.05,-0.0,0.04,-0.0,0.02,0.0,-0.0,-0.0,-0.0,0.0,0.0,0.0,goal_sequence,4,target,0.15000000596046448,0.0,0.019999999552965164,0.12000000596046448,target_1,0.15000000596046448,0.10000000149011612,0.019999999552965164,0.15620499905103785,target_2,-0.10000000149011612,0.0,0.019999999552965164,0.13000000149011612,target_3,-0.10000000149011612,0.10000000149011612,0.019999999552965164,0.16401219675820886,False,16
1,18,PICK_AND_PLACE,0.029,0.0,-0.052,1.0,0.027,0.0,0.035,0.006,-0.0,-0.018,0.08,ABERTA,0.03,0.0,0.02,target,0,0.15,0.0,0.02,0.0158,0.12,-0.12,False,True,1,box,0.0,0.02,0.3,0.5,box,1.0,0.04,0.04,0.04,1.1,0.7,0.4,-0.3,ee,False,-0.6,0.0,0.05,script_1|reach_only|left_right,-0.0,0.68,0.0,-1.89,-0.0,2.57,0.79,0.0,0.05,-0.0,0.04,-0.0,0.01,0.0,-0.0,-0.0,-0.0,0.0,-0.0,0.0,goal_sequence,4,target,0.15000000596046448,0.0,0.019999999552965164,0.12000000596046448,target_1,0.15000000596046448,0.10000000149011612,0.019999999552965164,0.15620499905103785,target_2,-0.10000000149011612,0.0,0.019999999552965164,0.13000000149011612,target_3,-0.10000000149011612,0.10000000149011612,0.019999999552965164,0.16401219675820886,False,17
1,19,PICK_AND_PLACE,0.032,0.0,-0.051,1.0,0.028,-0.0,0.033,0.007,-0.0,-0.017,0.08,ABERTA,0.03,0.0,0.02,target,0,0.15,0.0,0.02,0.0135,0.12,-0.12,False,True,1,box,0.0,0.02,0.3,0.5,box,1.0,0.04,0.04,0.04,1.1,0.7,0.4,-0.3,ee,False,-0.6,0.0,0.05,script_1|reach_only|left_right,-0.0,0.69,0.0,-1.89,-0.0,2.58,0.79,0.0,0.05,-0.0,0.04,-0.0,0.01,0.0,-0.0,-0.0,-0.0,0.0,-0.0,0.0,goal_sequence,4,target,0.15000000596046448,0.0,0.019999999552965164,0.12000000596046448,target_1,0.15000000596046448,0.10000000149011612,0.019999999552965164,0.15620499905103785,target_2,-0.10000000149011612,0.0,0.019999999552965164,0.13000000149011612,target_3,-0.10000000149011612,0.10000000149011612,0.019999999552965164,0.16401219675820886,False,18
1,20,PICK_AND_PLACE,0.035,0.0,-0.048,-1.0,0.029,-0.0,0.031,0.009,-0.0,-0.009,0.036,AGARRADA,0.03,-0.0,0.02,target,0,0.15,0.0,0.02,0.0115,0.12,-0.12,False,True,1,box,0.0,0.02,0.3,0.5,box,1.0,0.04,0.04,0.04,1.1,0.7,0.4,-0.3,ee,False,-0.6,0.0,0.05,script_1|reach_only|left_right,-0.0,0.69,0.0,-1.88,-0.0,2.58,0.79,0.0,0.04,-0.0,0.04,0.0,-0.0,0.01,0.002,0.001,0.0,0.003,-0.007,-0.004,goal_sequence,4,target,0.15000000596046448,0.0,0.019999999552965164,0.12000000596046448,target_1,0.15000000596046448,0.10000000149011612,0.019999999552965164,0.15620499905103785,target_2,-0.10000000149011612,0.0,0.019999999552965164,0.13000000149011612,target_3,-0.10000000149011612,0.10000000149011612,0.019999999552965164,0.16401219675820886,False,19
1,21,PICK_AND_PLACE,-0.01,0.0,1.0,-1.0,0.015,0.0,0.039,0.051,-0.0,0.442,0.034,AGARRADA,0.016,0.004,0.029,target,0,0.15,0.0,0.02,0.0113,0.1339,-0.1339,False,True,1,box,0.0,0.02,0.3,0.5,box,1.0,0.04,0.04,0.04,1.1,0.7,0.4,-0.3,ee,False,-0.6,0.0,0.05,script_1|reach_only|left_right,-0.0,0.66,0.0,-1.9,-0.0,2.5,0.79,-0.0,-0.89,0.0,-0.18,0.0,-0.56,-0.0,-0.0,0.04,0.02,0.053,0.11,0.443,goal_sequence,4,target,0.15000000596046448,0.0,0.019999999552965164,0.13436145877985672,target_1,0.15000000596046448,0.10000000149011612,0.019999999552965164,0.16508483240913877,target_2,-0.10000000149011612,0.0,0.019999999552965164,0.11641735417777527,target_3,-0.10000000149011612,0.10000000149011612,0.019999999552965164,0.15084097798627488,False,20
1,22,PICK_AND_PLACE,0.133,-0.0,0.991,-1.0,0.017,-0.0,0.064,0.3,-0.001,0.863,0.034,AGARRADA,0.019,0.009,0.055,target,0,0.15,0.0,0.02,0.0131,0.1356,-0.1356,False,True,1,box,0.0,0.02,0.3,0.5,box,1.0,0.04,0.04,0.04,1.1,0.7,0.4,-0.3,ee,False,-0.6,0.0,0.05,script_1|reach_only|left_right,-0.0,0.6,0.0,-1.92,-0.0,2.49,0.79,-0.0,-1.52,-0.0,-0.18,0.0,-0.1,-0.0,-0.001,0.019,0.02,0.314,0.111,0.865,goal_sequence,4,target,0.15000000596046448,0.0,0.019999999552965164,0.13589334638949094,target_1,0.15000000596046448,0.10000000149011612,0.019999999552965164,0.16330034251077158,target_2,-0.10000000149011612,0.0,0.019999999552965164,0.12436639572625749,target_3,-0.10000000149011612,0.10000000149011612,0.019999999552965164,0.15384082896663426,False,21
1,23,PICK_AND_PLACE,0.152,0.0,0.988,-1.0,0.024,-0.0,0.103,0.191,-0.003,0.705,0.035,AGARRADA,0.026,0.013,0.093,target,0,0.15,0.0,0.02,0.0166,0.1445,-0.1445,False,True,1,box,0.0,0.02,0.3,0.5,box,1.0,0.04,0.04,0.04,1.1,0.7,0.4,-0.3,ee,False,-0.6,0.0,0.05,script_1|reach_only|left_right,-0.0,0.53,0.0,-1.92,-0.0,2.45,0.79,-0.0,-1.19,-0.0,-0.03,0.0,-0.32,-0.0,0.0,-0.005,0.018,0.2,0.11,0.707,goal_sequence,4,target,0.15000000596046448,0.0,0.019999999552965164,0.1444783774253515,target_1,0.15000000596046448,0.10000000149011612,0.019999999552965164,0.16814874903710264,target_2,-0.10000000149011612,0.0,0.019999999552965164,0.14619849671175264,target_3,-0.10000000149011612,0.10000000149011612,0.019999999552965164,0.169629009016903,False,22
1,24,PICK_AND_PLACE,0.127,0.002,0.992,-1.0,0.026,-0.0,0.138,0.18,-0.001,0.809,0.037,AGARRADA,0.029,0.017,0.128,target,0,0.15,0.0,0.02,0.0195,0.1633,-0.1633,False,True,1,box,0.0,0.02,0.3,0.5,box,1.0,0.04,0.04,0.04,1.1,0.7,0.4,-0.3,ee,False,-0.6,0.0,0.05,script_1|reach_only|left_right,-0.0,0.48,0.0,-1.91,-0.0,2.38,0.79,0.0,-1.3,-0.0,0.11,0.0,-0.56,-0.0,-0.001,-0.005,0.018,0.188,0.069,0.811,goal_sequence,4,target,0.15000000596046448,0.0,0.019999999552965164,0.16307667380404828,target_1,0.15000000596046448,0.10000000149011612,0.019999999552965164,0.182192211102317,target_2,-0.10000000149011612,0.0,0.019999999552965164,0.16909760637279728,target_3,-0.10000000149011612,0.10000000149011612,0.019999999552965164,0.18760064159903284,False,23
1,25,PICK_AND_PLACE,0.241,0.016,-0.97,-1.0,0.043,0.001,0.144,-0.022,-0.001,-0.461,0.038,AGARRADA,0.046,0.018,0.132,target,0,0.15,0.0,0.02,0.0214,0.1538,-0.1538,False,True,1,box,0.0,0.02,0.3,0.5,box,1.0,0.04,0.04,0.04,1.1,0.7,0.4,-0.3,ee,False,-0.6,0.0,0.05,script_1|reach_only|left_right,-0.0,0.48,0.0,-1.91,0.0,2.46,0.79,0.01,0.82,0.0,0.01,-0.09,0.63,0.01,-0.01,-0.137,-0.002,-0.025,0.031,-0.464,goal_sequence,4,target,0.15000000596046448,0.0,0.019999999552965164,0.15389607317898807,target_1,0.15000000596046448,0.10000000149011612,0.019999999552965164,0.1734474029332567,target_2,-0.10000000149011612,0.0,0.019999999552965164,0.18488915743020118,target_3,-0.10000000149011612,0.10000000149011612,0.019999999552965164,0.2014547114853082,False,24
1,26,PICK_AND_PLACE,0.992,-0.006,-0.129,-1.0,0.028,0.0,0.132,-0.109,0.002,0.035,0.038,AGARRADA,0.031,0.018,0.121,target,0,0.15,0.0,0.02,0.021,0.1567,-0.1567,False,True,1,box,0.0,0.02,0.3,0.5,box,1.0,0.04,0.04,0.04,1.1,0.7,0.4,-0.3,ee,False,-0.6,0.0,0.05,script_1|reach_only|left_right,-0.0,0.51,0.0,-1.88,-0.0,2.34,0.79,0.0,-0.06,0.0,0.18,0.02,-0.92,-0.02,-0.016,-0.047,-0.001,-0.117,-0.004,0.034,goal_sequence,4,target,0.15000000596046448,0.0,0.019999999552965164,0.15711779501027762,target_1,0.15000000596046448,0.10000000149011612,0.019999999552965164,0.17631222803104346,target_2,-0.10000000149011612,0.0,0.019999999552965164,0.16639110697603843,target_3,-0.10000000149011612,0.10000000149011612,0.019999999552965164,0.1846239440730549,False,25
1,27,PICK_AND_PLACE,1.0,-0.002,-0.014,-1.0,0.028,0.0,0.132,0.001,0.001,-0.0,0.038,AGARRADA,0.031,0.018,0.12,target,0,0.15,0.0,0.02,0.0209,0.1566,-0.1566,False,True,1,box,0.0,0.02,0.3,0.5,box,1.0,0.04,0.04,0.04,1.1,0.7,0.4,-0.3,ee,False,-0.6,0.0,0.05,script_1|reach_only|left_right,-0.0,0.51,0.0,-1.88,-0.0,2.34,0.79,-0.0,0.0,0.0,-0.0,0.0,0.01,-0.01,-0.014,-0.047,-0.004,0.001,-0.006,-0.0,goal_sequence,4,target,0.15000000596046448,0.0,0.019999999552965164,0.1564768401649188,target_1,0.15000000596046448,0.10000000149011612,0.019999999552965164,0.17574129210967065,target_2,-0.10000000149011612,0.0,0.019999999552965164,0.16578600809422187,target_3,-0.10000000149011612,0.10000000149011612,0.019999999552965164,0.18407878944679215,False,26
1,28,PICK_AND_PLACE,1.0,-0.003,-0.014,-1.0,0.028,0.0,0.132,0.0,0.0,-0.0,0.039,AGARRADA,0.031,0.017,0.12,target,0,0.15,0.0,0.02,0.0207,0.1565,-0.1565,False,True,1,box,0.0,0.02,0.3,0.5,box,1.0,0.04,0.04,0.04,1.1,0.7,0.4,-0.3,ee,False,-0.6,0.0,0.05,script_1|reach_only|left_right,-0.0,0.51,0.0,-1.88,-0.0,2.34,0.79,0.0,0.0,0.0,-0.0,0.0,0.0,-0.0,-0.014,-0.048,-0.004,0.0,-0.006,-0.0,goal_sequence,4,target,0.15000000596046448,0.0,0.019999999552965164,0.15636496253316326,target_1,0.15000000596046448,0.10000000149011612,0.019999999552965164,0.1762101068479241,target_2,-0.10000000149011612,0.0,0.019999999552965164,0.16568041670582975,target_3,-0.10000000149011612,0.10000000149011612,0.019999999552965164,0.18452642284284565,False,27
1,29,PICK_AND_PLACE,1.0,-0.003,-0.013,-1.0,0.028,0.0,0.132,0.0,0.0,-0.0,0.039,AGARRADA,0.031,0.017,0.12,target,0,0.15,0.0,0.02,0.0205,0.1565,-0.1565,False,True,1,box,0.0,0.02,0.3,0.5,box,1.0,0.04,0.04,0.04,1.1,0.7,0.4,-0.3,ee,False,-0.6,0.0,0.05,script_1|reach_only|left_right,-0.0,0.51,0.0,-1.88,-0.0,2.34,0.79,0.0,0.0,0.0,-0.0,0.0,0.0,-0.0,-0.014,-0.048,-0.004,0.0,-0.005,-0.0,goal_sequence,4,target,0.15000000596046448,0.0,0.019999999552965164,0.15636496253316326,target_1,0.15000000596046448,0.10000000149011612,0.019999999552965164,0.1762101068479241,target_2,-0.10000000149011612,0.0,0.019999999552965164,0.16568041670582975,target_3,-0.10000000149011612,0.10000000149011612,0.019999999552965164,0.18452642284284565,False,28
1,30,PICK_AND_PLACE,1.0,-0.003,-0.013,-1.0,0.028,0.0,0.132,-0.0,0.0,-0.0,0.039,AGARRADA,0.031,0.017,0.12,target,0,0.15,0.0,0.02,0.0203,0.1564,-0.1564,False,True,1,box,0.0,0.02,0.3,0.5,box,1.0,0.04,0.04,0.04,1.1,0.7,0.4,-0.3,ee,False,-0.6,0.0,0.05,script_1|reach_only|left_right,-0.0,0.51,0.0,-1.88,-0.0,2.34,0.79,0.0,0.0,0.0,-0.0,0.0,0.0,-0.0,-0.014,-0.048,-0.004,-0.0,-0.005,-0.0,goal_sequence,4,target,0.15000000596046448,0.0,0.019999999552965164,0.15636496253316326,target_1,0.15000000596046448,0.10000000149011612,0.019999999552965164,0.1762101068479241,target_2,-0.10000000149011612,0.0,0.019999999552965164,0.16568041670582975,target_3,-0.10000000149011612,0.10000000149011612,0.019999999552965164,0.18452642284284565,False,29
1,31,PICK_AND_PLACE,1.0,-0.003,-0.013,-1.0,0.028,0.0,0.132,-0.0,0.0,-0.0,0.039,AGARRADA,0.031,0.017,0.12,target,0,0.15,0.0,0.02,0.0201,0.1564,-0.1564,False,True,1,box,0.0,0.02,0.3,0.5,box,1.0,0.04,0.04,0.04,1.1,0.7,0.4,-0.3,ee,False,-0.6,0.0,0.05,script_1|reach_only|left_right,-0.0,0.51,0.0,-1.88,-0.0,2.34,0.79,0.0,0.0,0.0,-0.0,0.0,0.0,-0.0,-0.014,-0.048,-0.004,-0.0,-0.006,-0.0,goal_sequence,4,target,0.15000000596046448,0.0,0.019999999552965164,0.15636496253316326,target_1,0.15000000596046448,0.10000000149011612,0.019999999552965164,0.1762101068479241,target_2,-0.10000000149011612,0.0,0.019999999552965164,0.16568041670582975,target_3,-0.10000000149011612,0.10000000149011612,0.019999999552965164,0.18452642284284565,False,30
1,32,PICK_AND_PLACE,1.0,-0.003,-0.013,-1.0,0.028,0.0,0.132,-0.0,0.0,-0.0,0.039,AGARRADA,0.031,0.017,0.12,target,0,0.15,0.0,0.02,0.0199,0.1564,-0.1564,False,True,1,box,0.0,0.02,0.3,0.5,box,1.0,0.04,0.04,0.04,1.1,0.7,0.4,-0.3,ee,False,-0.6,0.0,0.05,script_1|reach_only|left_right,-0.0,0.51,0.0,-1.88,-0.0,2.34,0.79,0.0,0.0,0.0,-0.0,0.0,0.0,-0.0,-0.014,-0.048,-0.004,-0.0,-0.006,-0.0,goal_sequence,4,target,0.15000000596046448,0.0,0.019999999552965164,0.15636496253316326,target_1,0.15000000596046448,0.10000000149011612,0.019999999552965164,0.1762101068479241,target_2,-0.10000000149011612,0.0,0.019999999552965164,0.16568041670582975,target_3,-0.10000000149011612,0.10000000149011612,0.019999999552965164,0.18452642284284565,False,31
1,33,PICK_AND_PLACE,1.0,-0.003,-0.013,-1.0,0.028,0.0,0.132,-0.0,0.0,-0.0,0.039,AGARRADA,0.031,0.016,0.12,target,0,0.15,0.0,0.02,0.0197,0.1564,-0.1564,False,True,1,box,0.0,0.02,0.3,0.5,box,1.0,0.04,0.04,0.04,1.1,0.7,0.4,-0.3,ee,False,-0.6,0.0,0.05,script_1|reach_only|left_right,-0.0,0.51,0.0,-1.88,-0.0,2.34,0.79,0.0,0.0,0.0,-0.0,0.0,0.0,-0.0,-0.014,-0.048,-0.004,-0.0,-0.006,-0.0,goal_sequence,4,target,0.15000000596046448,0.0,0.019999999552965164,0.15625940454256682,target_1,0.15000000596046448,0.10000000149011612,0.019999999552965164,0.17668333752320012,target_2,-0.10000000149011612,0.0,0.019999999552965164,0.1655807974368326,target_3,-0.10000000149011612,0.10000000149011612,0.019999999552965164,0.18497837908835968,False,32
1,34,PICK_AND_PLACE,1.0,-0.004,-0.013,-1.0,0.028,0.0,0.132,-0.0,0.0,-0.0,0.039,AGARRADA,0.031,0.016,0.12,target,0,0.15,0.0,0.02,0.0195,0.1563,-0.1563,False,True,1,box,0.0,0.02,0.3,0.5,box,1.0,0.04,0.04,0.04,1.1,0.7,0.4,-0.3,ee,False,-0.6,0.0,0.05,script_1|reach_only|left_right,-0.0,0.51,0.0,-1.88,-0.0,2.34,0.79,0.0,0.0,0.0,-0.0,0.0,0.0,-0.0,-0.014,-0.048,-0.004,-0.0,-0.006,-0.0,goal_sequence,4,target,0.15000000596046448,0.0,0.019999999552965164,0.15625940454256682,target_1,0.15000000596046448,0.10000000149011612,0.019999999552965164,0.17668333752320012,target_2,-0.10000000149011612,0.0,0.019999999552965164,0.1655807974368326,target_3,-0.10000000149011612,0.10000000149011612,0.019999999552965164,0.18497837908835968,False,33
1,35,PICK_AND_PLACE,1.0,-0.004,-0.013,-1.0,0.028,0.0,0.132,-0.0,0.0,-0.0,0.039,AGARRADA,0.031,0.016,0.12,target,0,0.15,0.0,0.02,0.0193,0.1563,-0.1563,False,True,1,box,0.0,0.02,0.3,0.5,box,1.0,0.04,0.04,0.04,1.1,0.7,0.4,-0.3,ee,False,-0.6,0.0,0.05,script_1|reach_only|left_right,-0.0,0.51,0.0,-1.88,-0.0,2.34,0.79,0.0,0.0,0.0,-0.0,0.0,0.0,-0.0,-0.014,-0.048,-0.004,-0.0,-0.006,-0.0,goal_sequence,4,target,0.15000000596046448,0.0,0.019999999552965164,0.15625940454256682,target_1,0.15000000596046448,0.10000000149011612,0.019999999552965164,0.17668333752320012,target_2,-0.10000000149011612,0.0,0.019999999552965164,0.1655807974368326,target_3,-0.10000000149011612,0.10000000149011612,0.019999999552965164,0.18497837908835968,False,34
1,36,PICK_AND_PLACE,1.0,-0.004,-0.013,-1.0,0.028,0.0,0.132,-0.0,0.0,-0.0,0.039,AGARRADA,0.031,0.016,0.12,target,0,0.15,0.0,0.02,0.0191,0.1563,-0.1563,False,True,1,box,0.0,0.02,0.3,0.5,box,1.0,0.04,0.04,0.04,1.1,0.7,0.4,-0.3,ee,False,-0.6,0.0,0.05,script_1|reach_only|left_right,-0.0,0.51,0.0,-1.88,-0.0,2.34,0.79,0.0,0.0,0.0,-0.0,0.0,0.0,-0.0,-0.014,-0.048,-0.004,-0.0,-0.006,-0.0,goal_sequence,4,target,0.15000000596046448,0.0,0.019999999552965164,0.15625940454256682,target_1,0.15000000596046448,0.10000000149011612,0.019999999552965164,0.17668333752320012,target_2,-0.10000000149011612,0.0,0.019999999552965164,0.1655807974368326,target_3,-0.10000000149011612,0.10000000149011612,0.019999999552965164,0.18497837908835968,False,35
1,37,PICK_AND_PLACE,1.0,-0.004,-0.013,-1.0,0.028,0.0,0.132,-0.0,0.0,-0.0,0.039,AGARRADA,0.031,0.015,0.12,target,0,0.15,0.0,0.02,0.0189,0.1563,-0.1563,False,True,1,box,0.0,0.02,0.3,0.5,box,1.0,0.04,0.04,0.04,1.1,0.7,0.4,-0.3,ee,False,-0.6,0.0,0.05,script_1|reach_only|left_right,-0.0,0.51,0.0,-1.88,-0.0,2.34,0.79,0.0,0.0,0.0,-0.0,0.0,0.0,-0.0,-0.014,-0.048,-0.004,-0.0,-0.006,-0.0,goal_sequence,4,target,0.15000000596046448,0.0,0.019999999552965164,0.15616017900859858,target_1,0.15000000596046448,0.10000000149011612,0.019999999552965164,0.17716094874807284,target_2,-0.10000000149011612,0.0,0.019999999552965164,0.1654871610724451,target_3,-0.10000000149011612,0.10000000149011612,0.019999999552965164,0.18543462657534363,False,36
1,38,PICK_AND_PLACE,1.0,-0.004,-0.013,-1.0,0.028,0.001,0.132,-0.0,0.0,-0.0,0.039,AGARRADA,0.031,0.015,0.12,target,0,0.15,0.0,0.02,0.0187,0.1563,-0.1563,False,True,1,box,0.0,0.02,0.3,0.5,box,1.0,0.04,0.04,0.04,1.1,0.7,0.4,-0.3,ee,False,-0.6,0.0,0.05,script_1|reach_only|left_right,-0.0,0.51,0.0,-1.88,-0.0,2.34,0.79,0.0,0.0,0.0,-0.0,0.0,0.0,-0.0,-0.014,-0.048,-0.004,-0.0,-0.006,-0.0,goal_sequence,4,target,0.15000000596046448,0.0,0.019999999552965164,0.15616017900859858,target_1,0.15000000596046448,0.10000000149011612,0.019999999552965164,0.17716094874807284,target_2,-0.10000000149011612,0.0,0.019999999552965164,0.1654871610724451,target_3,-0.10000000149011612,0.10000000149011612,0.019999999552965164,0.18543462657534363,False,37
1,39,PICK_AND_PLACE,1.0,-0.004,-0.013,-1.0,0.028,0.001,0.132,-0.0,0.0,-0.0,0.039,AGARRADA,0.031,0.015,0.12,target,0,0.15,0.0,0.02,0.0185,0.1562,-0.1562,False,True,1,box,0.0,0.02,0.3,0.5,box,1.0,0.04,0.04,0.04,1.1,0.7,0.4,-0.3,ee,False,-0.6,0.0,0.05,script_1|reach_only|left_right,-0.0,0.51,0.0,-1.88,-0.0,2.34,0.79,0.0,0.0,0.0,-0.0,0.0,0.0,-0.0,-0.014,-0.048,-0.004,-0.0,-0.006,-0.0,goal_sequence,4,target,0.15000000596046448,0.0,0.019999999552965164,0.15616017900859858,target_1,0.15000000596046448,0.10000000149011612,0.019999999552965164,0.17716094874807284,target_2,-0.10000000149011612,0.0,0.019999999552965164,0.1654871610724451,target_3,-0.10000000149011612,0.10000000149011612,0.019999999552965164,0.18543462657534363,False,38
1,40,PICK_AND_PLACE,1.0,-0.004,-0.013,-1.0,0.028,0.001,0.132,-0.0,0.0,-0.0,0.039,AGARRADA,0.031,0.015,0.12,target,0,0.15,0.0,0.02,0.0183,0.1562,-0.1562,False,True,1,box,0.0,0.02,0.3,0.5,box,1.0,0.04,0.04,0.04,1.1,0.7,0.4,-0.3,ee,False,-0.6,0.0,0.05,script_1|reach_only|left_right,-0.0,0.51,0.0,-1.88,-0.0,2.34,0.79,0.0,0.0,0.0,-0.0,0.0,0.0,-0.0,-0.014,-0.048,-0.004,-0.0,-0.006,-0.0,goal_sequence,4,target,0.15000000596046448,0.0,0.019999999552965164,0.15616017900859858,target_1,0.15000000596046448,0.10000000149011612,0.019999999552965164,0.17716094874807284,target_2,-0.10000000149011612,0.0,0.019999999552965164,0.1654871610724451,target_3,-0.10000000149011612,0.10000000149011612,0.019999999552965164,0.18543462657534363,False,39
1,41,PICK_AND_PLACE,1.0,-0.004,-0.013,-1.0,0.028,0.001,0.132,-0.0,0.0,-0.0,0.039,AGARRADA,0.031,0.015,0.12,target,0,0.15,0.0,0.02,0.0181,0.1562,-0.1562,False,True,1,box,0.0,0.02,0.3,0.5,box,1.0,0.04,0.04,0.04,1.1,0.7,0.4,-0.3,ee,False,-0.6,0.0,0.05,script_1|reach_only|left_right,0.0,0.51,0.0,-1.88,-0.0,2.34,0.79,0.0,0.0,0.0,-0.0,0.0,0.0,-0.0,-0.014,-0.048,-0.004,-0.0,-0.006,-0.0,goal_sequence,4,target,0.15000000596046448,0.0,0.019999999552965164,0.15616017900859858,target_1,0.15000000596046448,0.10000000149011612,0.019999999552965164,0.17716094874807284,target_2,-0.10000000149011612,0.0,0.019999999552965164,0.1654871610724451,target_3,-0.10000000149011612,0.10000000149011612,0.019999999552965164,0.18543462657534363,False,40
1,42,PICK_AND_PLACE,1.0,-0.004,-0.013,-1.0,0.028,0.001,0.132,0.0,0.0,-0.0,0.039,AGARRADA,0.031,0.014,0.12,target,0,0.15,0.0,0.02,0.0179,0.1562,-0.1562,False,True,1,box,0.0,0.02,0.3,0.5,box,1.0,0.04,0.04,0.04,1.1,0.7,0.4,-0.3,ee,False,-0.6,0.0,0.05,script_1|reach_only|left_right,0.0,0.51,0.0,-1.88,-0.0,2.34,0.79,0.0,0.0,0.0,0.0,0.0,0.0,-0.0,-0.014,-0.048,-0.003,-0.0,-0.006,-0.0,goal_sequence,4,target,0.15000000596046448,0.0,0.019999999552965164,0.15606729800953673,target_1,0.15000000596046448,0.10000000149011612,0.019999999552965164,0.17764290518987108,target_2,-0.10000000149011612,0.0,0.019999999552965164,0.1653995177738357,target_3,-0.10000000149011612,0.10000000149011612,0.019999999552965164,0.18589513370746788,False,41
1,43,PICK_AND_PLACE,1.0,-0.005,-0.013,-1.0,0.028,0.001,0.132,0.0,0.0,-0.0,0.039,AGARRADA,0.031,0.014,0.12,target,0,0.15,0.0,0.02,0.0177,0.1561,-0.1561,False,True,1,box,0.0,0.02,0.3,0.5,box,1.0,0.04,0.04,0.04,1.1,0.7,0.4,-0.3,ee,False,-0.6,0.0,0.05,script_1|reach_only|left_right,0.0,0.51,0.0,-1.88,-0.0,2.34,0.79,0.0,0.0,0.0,0.0,0.0,0.0,-0.0,-0.014,-0.048,-0.003,0.0,-0.006,0.0,goal_sequence,4,target,0.15000000596046448,0.0,0.019999999552965164,0.15606729800953673,target_1,0.15000000596046448,0.10000000149011612,0.019999999552965164,0.17764290518987108,target_2,-0.10000000149011612,0.0,0.019999999552965164,0.1653995177738357,target_3,-0.10000000149011612,0.10000000149011612,0.019999999552965164,0.18589513370746788,False,42
1,44,PICK_AND_PLACE,1.0,-0.005,-0.013,-1.0,0.028,0.001,0.132,0.0,0.0,0.0,0.039,AGARRADA,0.031,0.014,0.12,target,0,0.15,0.0,0.02,0.0176,0.1561,-0.1561,False,True,1,box,0.0,0.02,0.3,0.5,box,1.0,0.04,0.04,0.04,1.1,0.7,0.4,-0.3,ee,False,-0.6,0.0,0.05,script_1|reach_only|left_right,0.0,0.51,0.0,-1.88,-0.0,2.34,0.79,0.0,0.0,0.0,0.0,0.0,0.0,-0.0,-0.014,-0.048,-0.003,0.0,-0.006,0.0,goal_sequence,4,target,0.15000000596046448,0.0,0.019999999552965164,0.15606729800953673,target_1,0.15000000596046448,0.10000000149011612,0.019999999552965164,0.17764290518987108,target_2,-0.10000000149011612,0.0,0.019999999552965164,0.1653995177738357,target_3,-0.10000000149011612,0.10000000149011612,0.019999999552965164,0.18589513370746788,False,43
1,45,PICK_AND_PLACE,1.0,-0.005,-0.013,-1.0,0.028,0.001,0.132,0.0,0.0,0.0,0.039,AGARRADA,0.031,0.014,0.12,target,0,0.15,0.0,0.02,0.0174,0.1561,-0.1561,False,True,1,box,0.0,0.02,0.3,0.5,box,1.0,0.04,0.04,0.04,1.1,0.7,0.4,-0.3,ee,False,-0.6,0.0,0.05,script_1|reach_only|left_right,0.0,0.51,0.0,-1.88,-0.0,2.34,0.79,0.0,0.0,0.0,0.0,0.0,0.0,-0.0,-0.014,-0.048,-0.003,0.0,-0.006,0.0,goal_sequence,4,target,0.15000000596046448,0.0,0.019999999552965164,0.15606729800953673,target_1,0.15000000596046448,0.10000000149011612,0.019999999552965164,0.17764290518987108,target_2,-0.10000000149011612,0.0,0.019999999552965164,0.1653995177738357,target_3,-0.10000000149011612,0.10000000149011612,0.019999999552965164,0.18589513370746788,False,44
1,46,PICK_AND_PLACE,1.0,-0.005,-0.013,-1.0,0.028,0.001,0.132,0.0,0.0,0.0,0.039,AGARRADA,0.031,0.013,0.12,target,0,0.15,0.0,0.02,0.0172,0.1561,-0.1561,False,True,1,box,0.0,0.02,0.3,0.5,box,1.0,0.04,0.04,0.04,1.1,0.7,0.4,-0.3,ee,False,-0.6,0.0,0.05,script_1|reach_only|left_right,0.0,0.51,0.0,-1.88,-0.0,2.34,0.79,0.0,0.0,0.0,0.0,0.0,0.0,-0.0,-0.014,-0.048,-0.003,0.0,-0.006,0.0,goal_sequence,4,target,0.15000000596046448,0.0,0.019999999552965164,0.15598077287921594,target_1,0.15000000596046448,0.10000000149011612,0.019999999552965164,0.17812917157859842,target_2,-0.10000000149011612,0.0,0.019999999552965164,0.16531787707267895,target_3,-0.10000000149011612,0.10000000149011612,0.019999999552965164,0.18635986890717005,False,45
1,47,PICK_AND_PLACE,1.0,-0.005,-0.013,-1.0,0.028,0.001,0.132,0.0,0.0,0.0,0.039,AGARRADA,0.031,0.013,0.12,target,0,0.15,0.0,0.02,0.017,0.1561,-0.1561,False,True,1,box,0.0,0.02,0.3,0.5,box,1.0,0.04,0.04,0.04,1.1,0.7,0.4,-0.3,ee,False,-0.6,0.0,0.05,script_1|reach_only|left_right,0.0,0.51,0.0,-1.88,-0.0,2.34,0.79,0.0,0.0,0.0,0.0,0.0,0.0,-0.0,-0.014,-0.048,-0.003,0.0,-0.006,0.0,goal_sequence,4,target,0.15000000596046448,0.0,0.019999999552965164,0.15598077287921594,target_1,0.15000000596046448,0.10000000149011612,0.019999999552965164,0.17812917157859842,target_2,-0.10000000149011612,0.0,0.019999999552965164,0.16531787707267895,target_3,-0.10000000149011612,0.10000000149011612,0.019999999552965164,0.18635986890717005,False,46
1,48,PICK_AND_PLACE,1.0,-0.005,-0.013,-1.0,0.028,0.001,0.132,0.0,0.0,0.0,0.039,AGARRADA,0.031,0.013,0.12,target,0,0.15,0.0,0.02,0.0168,0.156,-0.156,False,True,1,box,0.0,0.02,0.3,0.5,box,1.0,0.04,0.04,0.04,1.1,0.7,0.4,-0.3,ee,False,-0.6,0.0,0.05,script_1|reach_only|left_right,0.0,0.51,0.0,-1.88,-0.0,2.34,0.79,0.0,0.0,0.0,0.0,0.0,0.0,-0.0,-0.014,-0.048,-0.003,0.0,-0.006,0.0,goal_sequence,4,target,0.15000000596046448,0.0,0.019999999552965164,0.15598077287921594,target_1,0.15000000596046448,0.10000000149011612,0.019999999552965164,0.17812917157859842,target_2,-0.10000000149011612,0.0,0.019999999552965164,0.16531787707267895,target_3,-0.10000000149011612,0.10000000149011612,0.019999999552965164,0.18635986890717005,False,47
1,49,PICK_AND_PLACE,1.0,-0.005,-0.013,-1.0,0.028,0.001,0.132,0.0,0.0,0.0,0.039,AGARRADA,0.031,0.013,0.12,target,0,0.15,0.0,0.02,0.0166,0.156,-0.156,False,True,1,box,0.0,0.02,0.3,0.5,box,1.0,0.04,0.04,0.04,1.1,0.7,0.4,-0.3,ee,False,-0.6,0.0,0.05,script_1|reach_only|left_right,0.0,0.51,0.0,-1.88,-0.0,2.34,0.79,0.0,0.0,0.0,0.0,0.0,0.0,-0.0,-0.014,-0.048,-0.003,0.0,-0.007,0.0,goal_sequence,4,target,0.15000000596046448,0.0,0.019999999552965164,0.15598077287921594,target_1,0.15000000596046448,0.10000000149011612,0.019999999552965164,0.17812917157859842,target_2,-0.10000000149011612,0.0,0.019999999552965164,0.16531787707267895,target_3,-0.10000000149011612,0.10000000149011612,0.019999999552965164,0.18635986890717005,False,48
1,50,PICK_AND_PLACE,1.0,-0.005,-0.013,-1.0,0.028,0.001,0.132,0.0,0.0,0.0,0.039,AGARRADA,0.031,0.012,0.12,target,0,0.15,0.0,0.02,0.0164,0.156,-0.156,False,True,1,box,0.0,0.02,0.3,0.5,box,1.0,0.04,0.04,0.04,1.1,0.7,0.4,-0.3,ee,False,-0.6,0.0,0.05,script_1|reach_only|left_right,0.0,0.51,0.0,-1.88,-0.0,2.34,0.79,0.0,0.0,0.0,0.0,-0.0,-0.0,-0.0,-0.014,-0.048,-0.003,0.0,-0.007,0.0,goal_sequence,4,target,0.15000000596046448,0.0,0.019999999552965164,0.1559006142001934,target_1,0.15000000596046448,0.10000000149011612,0.019999999552965164,0.1786197127146329,target_2,-0.10000000149011612,0.0,0.019999999552965164,0.16524224786602665,target_3,-0.10000000149011612,0.10000000149011612,0.019999999552965164,0.1868288006225963,False,49
1,51,PICK_AND_PLACE,1.0,-0.005,-0.013,-1.0,0.028,0.001,0.132,0.0,0.0,0.0,0.039,AGARRADA,0.031,0.012,0.12,target,0,0.15,0.0,0.02,0.0162,0.156,-0.156,False,True,1,box,0.0,0.02,0.3,0.5,box,1.0,0.04,0.04,0.04,1.1,0.7,0.4,-0.3,ee,False,-0.6,0.0,0.05,script_1|reach_only|left_right,0.0,0.51,0.0,-1.88,-0.0,2.34,0.79,0.0,0.0,0.0,0.0,-0.0,-0.0,-0.0,-0.014,-0.048,-0.003,0.0,-0.007,0.0,goal_sequence,4,target,0.15000000596046448,0.0,0.019999999552965164,0.1559006142001934,target_1,0.15000000596046448,0.10000000149011612,0.019999999552965164,0.1786197127146329,target_2,-0.10000000149011612,0.0,0.019999999552965164,0.16524224786602665,target_3,-0.10000000149011612,0.10000000149011612,0.019999999552965164,0.1868288006225963,False,50
1,52,PICK_AND_PLACE,1.0,-0.005,-0.013,-1.0,0.028,0.001,0.132,0.0,0.0,0.0,0.039,AGARRADA,0.031,0.012,0.12,target,0,0.15,0.0,0.02,0.016,0.1559,-0.1559,False,True,1,box,0.0,0.02,0.3,0.5,box,1.0,0.04,0.04,0.04,1.1,0.7,0.4,-0.3,ee,False,-0.6,0.0,0.05,script_1|reach_only|left_right,0.0,0.51,0.0,-1.88,-0.0,2.34,0.79,0.0,0.0,0.0,0.0,-0.0,-0.0,-0.0,-0.014,-0.048,-0.003,0.0,-0.007,0.0,goal_sequence,4,target,0.15000000596046448,0.0,0.019999999552965164,0.1559006142001934,target_1,0.15000000596046448,0.10000000149011612,0.019999999552965164,0.1786197127146329,target_2,-0.10000000149011612,0.0,0.019999999552965164,0.16524224786602665,target_3,-0.10000000149011612,0.10000000149011612,0.019999999552965164,0.1868288006225963,False,51
1,53,PICK_AND_PLACE,1.0,-0.006,-0.013,-1.0,0.028,0.001,0.132,0.0,0.0,0.0,0.039,AGARRADA,0.031,0.011,0.12,target,0,0.15,0.0,0.02,0.0158,0.1559,-0.1559,False,True,1,box,0.0,0.02,0.3,0.5,box,1.0,0.04,0.04,0.04,1.1,0.7,0.4,-0.3,ee,False,-0.6,0.0,0.05,script_1|reach_only|left_right,0.0,0.51,0.0,-1.88,-0.0,2.34,0.79,0.0,0.0,0.0,0.0,-0.0,-0.0,-0.0,-0.014,-0.048,-0.003,0.0,-0.007,0.0,goal_sequence,4,target,0.15000000596046448,0.0,0.019999999552965164,0.15582683179734338,target_1,0.15000000596046448,0.10000000149011612,0.019999999552965164,0.17911449347620706,target_2,-0.10000000149011612,0.0,0.019999999552965164,0.16517263841150384,target_3,-0.10000000149011612,0.10000000149011612,0.019999999552965164,0.1873018973343785,False,52
1,54,PICK_AND_PLACE,1.0,-0.006,-0.013,-1.0,0.028,0.001,0.132,0.0,0.0,0.0,0.039,AGARRADA,0.031,0.011,0.12,target,0,0.15,0.0,0.02,0.0156,0.1559,-0.1559,False,True,1,box,0.0,0.02,0.3,0.5,box,1.0,0.04,0.04,0.04,1.1,0.7,0.4,-0.3,ee,False,-0.6,0.0,0.05,script_1|reach_only|left_right,0.0,0.51,0.0,-1.88,-0.0,2.34,0.79,0.0,0.0,0.0,0.0,-0.0,-0.0,-0.0,-0.014,-0.048,-0.003,0.0,-0.007,0.0,goal_sequence,4,target,0.15000000596046448,0.0,0.019999999552965164,0.15582683179734338,target_1,0.15000000596046448,0.10000000149011612,0.019999999552965164,0.17911449347620706,target_2,-0.10000000149011612,0.0,0.019999999552965164,0.16517263841150384,target_3,-0.10000000149011612,0.10000000149011612,0.019999999552965164,0.1873018973343785,False,53
1,55,PICK_AND_PLACE,1.0,-0.006,-0.013,-1.0,0.028,0.001,0.132,0.0,0.0,0.0,0.039,AGARRADA,0.031,0.011,0.12,target,0,0.15,0.0,0.02,0.0154,0.1559,-0.1559,False,True,1,box,0.0,0.02,0.3,0.5,box,1.0,0.04,0.04,0.04,1.1,0.7,0.4,-0.3,ee,False,-0.6,0.0,0.05,script_1|reach_only|left_right,0.0,0.51,0.0,-1.88,-0.0,2.34,0.79,0.0,0.0,0.0,0.0,-0.0,-0.0,-0.0,-0.014,-0.048,-0.003,0.0,-0.007,0.0,goal_sequence,4,target,0.15000000596046448,0.0,0.019999999552965164,0.15582683179734338,target_1,0.15000000596046448,0.10000000149011612,0.019999999552965164,0.17911449347620706,target_2,-0.10000000149011612,0.0,0.019999999552965164,0.16517263841150384,target_3,-0.10000000149011612,0.10000000149011612,0.019999999552965164,0.1873018973343785,False,54
1,56,PICK_AND_PLACE,1.0,-0.006,-0.013,-1.0,0.028,0.001,0.132,0.0,0.0,0.0,0.039,AGARRADA,0.031,0.011,0.12,target,0,0.15,0.0,0.02,0.0152,0.1559,-0.1559,False,True,1,box,0.0,0.02,0.3,0.5,box,1.0,0.04,0.04,0.04,1.1,0.7,0.4,-0.3,ee,False,-0.6,0.0,0.05,script_1|reach_only|left_right,0.0,0.51,0.0,-1.88,-0.0,2.34,0.79,0.0,0.0,0.0,0.0,-0.0,-0.0,-0.0,-0.014,-0.048,-0.003,0.0,-0.007,0.0,goal_sequence,4,target,0.15000000596046448,0.0,0.019999999552965164,0.15582683179734338,target_1,0.15000000596046448,0.10000000149011612,0.019999999552965164,0.17911449347620706,target_2,-0.10000000149011612,0.0,0.019999999552965164,0.16517263841150384,target_3,-0.10000000149011612,0.10000000149011612,0.019999999552965164,0.1873018973343785,False,55
1,57,PICK_AND_PLACE,1.0,-0.006,-0.013,-1.0,0.028,0.001,0.132,0.0,0.0,0.0,0.039,AGARRADA,0.031,0.01,0.12,target,0,0.15,0.0,0.02,0.015,0.1558,-0.1558,False,True,1,box,0.0,0.02,0.3,0.5,box,1.0,0.04,0.04,0.04,1.1,0.7,0.4,-0.3,ee,False,-0.6,0.0,0.05,script_1|reach_only|left_right,0.0,0.51,0.0,-1.88,-0.0,2.34,0.79,0.0,0.0,0.0,0.0,-0.0,-0.0,-0.0,-0.014,-0.048,-0.003,0.0,-0.007,0.0,goal_sequence,4,target,0.15000000596046448,0.0,0.019999999552965164,0.15575943473188886,target_1,0.15000000596046448,0.10000000149011612,0.019999999552965164,0.17961347882666948,target_2,-0.10000000149011612,0.0,0.019999999552965164,0.16510905632283587,target_3,-0.10000000149011612,0.10000000149011612,0.019999999552965164,0.18777912756224613,False,56
1,58,PICK_AND_PLACE,1.0,-0.006,-0.013,-1.0,0.028,0.001,0.132,0.0,0.0,0.0,0.039,AGARRADA,0.031,0.01,0.12,target,0,0.15,0.0,0.02,0.0148,0.1558,-0.1558,False,True,1,box,0.0,0.02,0.3,0.5,box,1.0,0.04,0.04,0.04,1.1,0.7,0.4,-0.3,ee,False,-0.6,0.0,0.05,script_1|reach_only|left_right,0.0,0.51,0.0,-1.88,-0.0,2.34,0.79,0.0,0.0,0.0,0.0,-0.0,-0.0,-0.0,-0.014,-0.048,-0.003,0.0,-0.007,0.0,goal_sequence,4,target,0.15000000596046448,0.0,0.019999999552965164,0.15575943473188886,target_1,0.15000000596046448,0.10000000149011612,0.019999999552965164,0.17961347882666948,target_2,-0.10000000149011612,0.0,0.019999999552965164,0.16510905632283587,target_3,-0.10000000149011612,0.10000000149011612,0.019999999552965164,0.18777912756224613,False,57
1,59,PICK_AND_PLACE,1.0,-0.006,-0.013,-1.0,0.028,0.001,0.132,0.0,0.0,0.0,0.039,AGARRADA,0.031,0.01,0.12,target,0,0.15,0.0,0.02,0.0146,0.1558,-0.1558,False,True,1,box,0.0,0.02,0.3,0.5,box,1.0,0.04,0.04,0.04,1.1,0.7,0.4,-0.3,ee,False,-0.6,0.0,0.05,script_1|reach_only|left_right,0.0,0.51,0.0,-1.88,-0.0,2.34,0.79,0.0,0.0,0.0,0.0,-0.0,0.0,-0.0,-0.014,-0.048,-0.003,0.0,-0.007,0.0,goal_sequence,4,target,0.15000000596046448,0.0,0.019999999552965164,0.15575943473188886,target_1,0.15000000596046448,0.10000000149011612,0.019999999552965164,0.17961347882666948,target_2,-0.10000000149011612,0.0,0.019999999552965164,0.16510905632283587,target_3,-0.10000000149011612,0.10000000149011612,0.019999999552965164,0.18777912756224613,False,58
1,60,PICK_AND_PLACE,1.0,-0.006,-0.013,-1.0,0.028,0.001,0.132,0.0,0.0,0.0,0.039,AGARRADA,0.031,0.009,0.12,target,0,0.15,0.0,0.02,0.0144,0.1558,-0.1558,False,True,1,box,0.0,0.02,0.3,0.5,box,1.0,0.04,0.04,0.04,1.1,0.7,0.4,-0.3,ee,False,-0.6,0.0,0.05,script_1|reach_only|left_right,0.0,0.51,0.0,-1.88,-0.0,2.34,0.79,0.0,0.0,0.0,0.0,-0.0,0.0,-0.0,-0.014,-0.048,-0.003,0.0,-0.007,0.0,goal_sequence,4,target,0.15000000596046448,0.0,0.019999999552965164,0.155698431295879,target_1,0.15000000596046448,0.10000000149011612,0.019999999552965164,0.1801166338215288,target_2,-0.10000000149011612,0.0,0.019999999552965164,0.16505150856571227,target_3,-0.10000000149011612,0.10000000149011612,0.019999999552965164,0.18826045987147308,False,59
1,61,PICK_AND_PLACE,1.0,-0.006,-0.013,-1.0,0.028,0.001,0.132,0.0,0.0,0.0,0.039,AGARRADA,0.031,0.009,0.12,target,0,0.15,0.0,0.02,0.0143,0.1558,-0.1558,False,True,1,box,0.0,0.02,0.3,0.5,box,1.0,0.04,0.04,0.04,1.1,0.7,0.4,-0.3,ee,False,-0.6,0.0,0.05,script_1|reach_only|left_right,0.0,0.51,0.0,-1.88,-0.0,2.34,0.79,-0.0,0.0,0.0,0.0,-0.0,0.0,-0.0,-0.014,-0.048,-0.003,0.0,-0.008,0.0,goal_sequence,4,target,0.15000000596046448,0.0,0.019999999552965164,0.155698431295879,target_1,0.15000000596046448,0.10000000149011612,0.019999999552965164,0.1801166338215288,target_2,-0.10000000149011612,0.0,0.019999999552965164,0.16505150856571227,target_3,-0.10000000149011612,0.10000000149011612,0.019999999552965164,0.18826045987147308,False,60
1,62,PICK_AND_PLACE,1.0,-0.006,-0.013,-1.0,0.028,0.001,0.132,0.0,0.0,0.0,0.039,AGARRADA,0.031,0.009,0.12,target,0,0.15,0.0,0.02,0.0141,0.1558,-0.1558,False,True,1,box,0.0,0.02,0.3,0.5,box,1.0,0.04,0.04,0.04,1.1,0.7,0.4,-0.3,ee,False,-0.6,0.0,0.05,script_1|reach_only|left_right,0.0,0.51,0.0,-1.88,-0.0,2.34,0.79,-0.0,0.0,0.0,0.0,-0.0,0.0,-0.0,-0.014,-0.048,-0.003,0.0,-0.008,0.0,goal_sequence,4,target,0.15000000596046448,0.0,0.019999999552965164,0.155698431295879,target_1,0.15000000596046448,0.10000000149011612,0.019999999552965164,0.1801166338215288,target_2,-0.10000000149011612,0.0,0.019999999552965164,0.16505150856571227,target_3,-0.10000000149011612,0.10000000149011612,0.019999999552965164,0.18826045987147308,False,61
1,63,PICK_AND_PLACE,1.0,-0.006,-0.013,-1.0,0.028,0.001,0.132,0.0,0.0,0.0,0.039,AGARRADA,0.031,0.009,0.12,target,0,0.15,0.0,0.02,0.0139,0.1557,-0.1557,False,True,1,box,0.0,0.02,0.3,0.5,box,1.0,0.04,0.04,0.04,1.1,0.7,0.4,-0.3,ee,False,-0.6,0.0,0.05,script_1|reach_only|left_right,0.0,0.51,0.0,-1.88,-0.0,2.34,0.79,-0.0,0.0,0.0,0.0,-0.0,0.0,0.0,-0.014,-0.048,-0.003,0.0,-0.008,0.0,goal_sequence,4,target,0.15000000596046448,0.0,0.019999999552965164,0.155698431295879,target_1,0.15000000596046448,0.10000000149011612,0.019999999552965164,0.1801166338215288,target_2,-0.10000000149011612,0.0,0.019999999552965164,0.16505150856571227,target_3,-0.10000000149011612,0.10000000149011612,0.019999999552965164,0.18826045987147308,False,62
1,64,PICK_AND_PLACE,1.0,-0.007,-0.013,-1.0,0.028,0.001,0.132,0.0,0.0,0.0,0.039,AGARRADA,0.031,0.008,0.12,target,0,0.15,0.0,0.02,0.0137,0.1557,-0.1557,False,True,1,box,0.0,0.02,0.3,0.5,box,1.0,0.04,0.04,0.04,1.1,0.7,0.4,-0.3,ee,False,-0.6,0.0,0.05,script_1|reach_only|left_right,0.0,0.51,0.0,-1.88,-0.0,2.34,0.79,-0.0,0.0,0.0,0.0,-0.0,0.0,-0.0,-0.014,-0.048,-0.003,0.0,-0.008,0.0,goal_sequence,4,target,0.15000000596046448,0.0,0.019999999552965164,0.15564382900711982,target_1,0.15000000596046448,0.10000000149011612,0.019999999552965164,0.18062392361528115,target_2,-0.10000000149011612,0.0,0.019999999552965164,0.1650000014539921,target_3,-0.10000000149011612,0.10000000149011612,0.019999999552965164,0.18874586287916023,False,63
1,65,PICK_AND_PLACE,1.0,-0.007,-0.013,-1.0,0.028,0.001,0.132,0.0,0.0,0.0,0.039,AGARRADA,0.031,0.008,0.12,target,0,0.15,0.0,0.02,0.0136,0.1557,-0.1557,False,True,1,box,0.0,0.02,0.3,0.5,box,1.0,0.04,0.04,0.04,1.1,0.7,0.4,-0.3,ee,False,-0.6,0.0,0.05,script_1|reach_only|left_right,0.0,0.51,0.0,-1.88,-0.0,2.34,0.79,-0.0,0.0,0.0,0.0,-0.0,0.0,-0.0,-0.014,-0.048,-0.003,0.0,-0.008,0.0,goal_sequence,4,target,0.15000000596046448,0.0,0.019999999552965164,0.15564382900711982,target_1,0.15000000596046448,0.10000000149011612,0.019999999552965164,0.18062392361528115,target_2,-0.10000000149011612,0.0,0.019999999552965164,0.1650000014539921,target_3,-0.10000000149011612,0.10000000149011612,0.019999999552965164,0.18874586287916023,False,64
1,66,PICK_AND_PLACE,1.0,-0.007,-0.013,-1.0,0.028,0.001,0.132,0.0,0.0,0.0,0.039,AGARRADA,0.031,0.008,0.12,target,0,0.15,0.0,0.02,0.0134,0.1557,-0.1557,False,True,1,box,0.0,0.02,0.3,0.5,box,1.0,0.04,0.04,0.04,1.1,0.7,0.4,-0.3,ee,False,-0.6,0.0,0.05,script_1|reach_only|left_right,0.0,0.51,0.0,-1.88,-0.0,2.34,0.79,-0.0,0.0,0.0,0.0,-0.0,0.0,0.0,-0.014,-0.048,-0.003,0.0,-0.008,0.0,goal_sequence,4,target,0.15000000596046448,0.0,0.019999999552965164,0.15564382900711982,target_1,0.15000000596046448,0.10000000149011612,0.019999999552965164,0.18062392361528115,target_2,-0.10000000149011612,0.0,0.019999999552965164,0.1650000014539921,target_3,-0.10000000149011612,0.10000000149011612,0.019999999552965164,0.18874586287916023,False,65
1,67,PICK_AND_PLACE,1.0,-0.007,-0.013,-1.0,0.028,0.001,0.132,0.0,0.0,0.0,0.039,AGARRADA,0.031,0.007,0.12,target,0,0.15,0.0,0.02,0.0132,0.1557,-0.1557,False,True,1,box,0.0,0.02,0.3,0.5,box,1.0,0.04,0.04,0.04,1.1,0.7,0.4,-0.3,ee,False,-0.6,0.0,0.05,script_1|reach_only|left_right,0.0,0.51,0.0,-1.88,-0.0,2.34,0.79,-0.0,0.0,0.0,0.0,-0.0,0.0,0.0,-0.014,-0.048,-0.003,0.0,-0.008,0.0,goal_sequence,4,target,0.15000000596046448,0.0,0.019999999552965164,0.15559563460456577,target_1,0.15000000596046448,0.10000000149011612,0.019999999552965164,0.18113531346802356,target_2,-0.10000000149011612,0.0,0.019999999552965164,0.1649545406462562,target_3,-0.10000000149011612,0.10000000149011612,0.019999999552965164,0.189235305260353,False,66
1,68,PICK_AND_PLACE,1.0,-0.007,-0.013,-1.0,0.028,0.001,0.132,0.0,0.0,0.0,0.039,AGARRADA,0.031,0.007,0.12,target,0,0.15,0.0,0.02,0.0131,0.1557,-0.1557,False,True,1,box,0.0,0.02,0.3,0.5,box,1.0,0.04,0.04,0.04,1.1,0.7,0.4,-0.3,ee,False,-0.6,0.0,0.05,script_1|reach_only|left_right,0.0,0.51,0.0,-1.88,-0.0,2.34,0.79,-0.0,0.0,0.0,0.0,-0.0,0.0,0.0,-0.014,-0.048,-0.003,0.0,-0.008,0.0,goal_sequence,4,target,0.15000000596046448,0.0,0.019999999552965164,0.15559563460456577,target_1,0.15000000596046448,0.10000000149011612,0.019999999552965164,0.18113531346802356,target_2,-0.10000000149011612,0.0,0.019999999552965164,0.1649545406462562,target_3,-0.10000000149011612,0.10000000149011612,0.019999999552965164,0.189235305260353,False,67
1,69,PICK_AND_PLACE,1.0,-0.007,-0.013,-1.0,0.028,0.001,0.132,0.0,0.0,0.0,0.039,AGARRADA,0.031,0.007,0.12,target,0,0.15,0.0,0.02,0.0129,0.1556,-0.1556,False,True,1,box,0.0,0.02,0.3,0.5,box,1.0,0.04,0.04,0.04,1.1,0.7,0.4,-0.3,ee,False,-0.6,0.0,0.05,script_1|reach_only|left_right,0.0,0.51,0.0,-1.88,-0.0,2.34,0.79,-0.0,0.0,0.0,0.0,-0.0,0.0,0.0,-0.014,-0.048,-0.003,0.0,-0.008,0.0,goal_sequence,4,target,0.15000000596046448,0.0,0.019999999552965164,0.15559563460456577,target_1,0.15000000596046448,0.10000000149011612,0.019999999552965164,0.18113531346802356,target_2,-0.10000000149011612,0.0,0.019999999552965164,0.1649545406462562,target_3,-0.10000000149011612,0.10000000149011612,0.019999999552965164,0.189235305260353,False,68
1,70,PICK_AND_PLACE,1.0,-0.007,-0.013,-1.0,0.028,0.001,0.132,0.0,0.0,0.0,0.039,AGARRADA,0.031,0.006,0.12,target,0,0.15,0.0,0.02,0.0128,0.1556,-0.1556,False,True,1,box,0.0,0.02,0.3,0.5,box,1.0,0.04,0.04,0.04,1.1,0.7,0.4,-0.3,ee,False,-0.6,0.0,0.05,script_1|reach_only|left_right,0.0,0.51,0.0,-1.88,-0.0,2.34,0.79,-0.0,0.0,0.0,0.0,-0.0,0.0,0.0,-0.014,-0.048,-0.003,0.0,-0.008,0.0,goal_sequence,4,target,0.15000000596046448,0.0,0.019999999552965164,0.15555385404417837,target_1,0.15000000596046448,0.10000000149011612,0.019999999552965164,0.18165076875185357,target_2,-0.10000000149011612,0.0,0.019999999552965164,0.16491513114271047,target_3,-0.10000000149011612,0.10000000149011612,0.019999999552965164,0.18972875575399534,False,69
1,71,PICK_AND_PLACE,1.0,-0.007,-0.013,-1.0,0.028,0.001,0.132,0.0,0.0,0.0,0.039,AGARRADA,0.031,0.006,0.12,target,0,0.15,0.0,0.02,0.0126,0.1556,-0.1556,False,True,1,box,0.0,0.02,0.3,0.5,box,1.0,0.04,0.04,0.04,1.1,0.7,0.4,-0.3,ee,False,-0.6,0.0,0.05,script_1|reach_only|left_right,0.0,0.51,0.0,-1.88,-0.0,2.34,0.79,-0.0,0.0,0.0,0.0,-0.0,0.0,0.0,-0.014,-0.048,-0.003,0.0,-0.008,-0.0,goal_sequence,4,target,0.15000000596046448,0.0,0.019999999552965164,0.15555385404417837,target_1,0.15000000596046448,0.10000000149011612,0.019999999552965164,0.18165076875185357,target_2,-0.10000000149011612,0.0,0.019999999552965164,0.16491513114271047,target_3,-0.10000000149011612,0.10000000149011612,0.019999999552965164,0.18972875575399534,False,70
1,72,PICK_AND_PLACE,1.0,-0.007,-0.013,-1.0,0.028,0.001,0.132,0.0,0.0,0.0,0.039,AGARRADA,0.031,0.006,0.12,target,0,0.15,0.0,0.02,0.0125,0.1556,-0.1556,False,True,1,box,0.0,0.02,0.3,0.5,box,1.0,0.04,0.04,0.04,1.1,0.7,0.4,-0.3,ee,False,-0.6,0.0,0.05,script_1|reach_only|left_right,0.0,0.51,0.0,-1.88,-0.0,2.34,0.79,-0.0,0.0,0.0,0.0,-0.0,0.0,0.0,-0.014,-0.048,-0.003,0.0,-0.009,-0.0,goal_sequence,4,target,0.15000000596046448,0.0,0.019999999552965164,0.15555385404417837,target_1,0.15000000596046448,0.10000000149011612,0.019999999552965164,0.18165076875185357,target_2,-0.10000000149011612,0.0,0.019999999552965164,0.16491513114271047,target_3,-0.10000000149011612,0.10000000149011612,0.019999999552965164,0.18972875575399534,False,71
1,73,PICK_AND_PLACE,1.0,-0.007,-0.013,-1.0,0.028,0.001,0.132,0.0,0.0,0.0,0.039,AGARRADA,0.031,0.005,0.12,target,0,0.15,0.0,0.02,0.0124,0.1556,-0.1556,False,True,1,box,0.0,0.02,0.3,0.5,box,1.0,0.04,0.04,0.04,1.1,0.7,0.4,-0.3,ee,False,-0.6,0.0,0.05,script_1|reach_only|left_right,0.0,0.51,0.0,-1.88,-0.0,2.34,0.79,-0.0,0.0,0.0,0.0,-0.0,0.0,0.0,-0.014,-0.048,-0.003,0.0,-0.009,-0.0,goal_sequence,4,target,0.15000000596046448,0.0,0.019999999552965164,0.1555184924952578,target_1,0.15000000596046448,0.10000000149011612,0.019999999552965164,0.18217025495705824,target_2,-0.10000000149011612,0.0,0.019999999552965164,0.16488177728244377,target_3,-0.10000000149011612,0.10000000149011612,0.019999999552965164,0.19022618316872011,False,72
1,74,PICK_AND_PLACE,1.0,-0.007,-0.013,-1.0,0.028,0.001,0.132,0.0,0.0,0.0,0.039,AGARRADA,0.031,0.005,0.12,target,0,0.15,0.0,0.02,0.0122,0.1556,-0.1556,False,True,1,box,0.0,0.02,0.3,0.5,box,1.0,0.04,0.04,0.04,1.1,0.7,0.4,-0.3,ee,False,-0.6,0.0,0.05,script_1|reach_only|left_right,0.0,0.51,0.0,-1.88,-0.0,2.34,0.79,-0.0,0.0,0.0,0.0,-0.0,0.0,0.0,-0.014,-0.048,-0.003,0.0,-0.009,-0.0,goal_sequence,4,target,0.15000000596046448,0.0,0.019999999552965164,0.1555184924952578,target_1,0.15000000596046448,0.10000000149011612,0.019999999552965164,0.18217025495705824,target_2,-0.10000000149011612,0.0,0.019999999552965164,0.16488177728244377,target_3,-0.10000000149011612,0.10000000149011612,0.019999999552965164,0.19022618316872011,False,73
1,75,PICK_AND_PLACE,1.0,-0.007,-0.013,-1.0,0.028,0.001,0.132,0.0,0.0,0.0,0.039,AGARRADA,0.031,0.005,0.12,target,0,0.15,0.0,0.02,0.0121,0.1556,-0.1556,False,True,1,box,0.0,0.02,0.3,0.5,box,1.0,0.04,0.04,0.04,1.1,0.7,0.4,-0.3,ee,False,-0.6,0.0,0.05,script_1|reach_only|left_right,0.0,0.51,0.0,-1.88,-0.0,2.34,0.79,-0.0,0.0,0.0,0.0,-0.0,0.0,0.0,-0.014,-0.048,-0.003,0.0,-0.009,-0.0,goal_sequence,4,target,0.15000000596046448,0.0,0.019999999552965164,0.1555184924952578,target_1,0.15000000596046448,0.10000000149011612,0.019999999552965164,0.18217025495705824,target_2,-0.10000000149011612,0.0,0.019999999552965164,0.16488177728244377,target_3,-0.10000000149011612,0.10000000149011612,0.019999999552965164,0.19022618316872011,False,74
1,76,PICK_AND_PLACE,1.0,-0.008,-0.013,-1.0,0.028,0.001,0.132,0.0,0.0,0.0,0.039,AGARRADA,0.031,0.004,0.12,target,0,0.15,0.0,0.02,0.012,0.1556,-0.1556,False,True,1,box,0.0,0.02,0.3,0.5,box,1.0,0.04,0.04,0.04,1.1,0.7,0.4,-0.3,ee,False,-0.6,0.0,0.05,script_1|reach_only|left_right,0.0,0.51,0.0,-1.88,-0.0,2.34,0.79,-0.0,0.0,0.0,0.0,-0.0,0.0,0.0,-0.014,-0.048,-0.003,0.0,-0.009,-0.0,goal_sequence,4,target,0.15000000596046448,0.0,0.019999999552965164,0.15548955433725298,target_1,0.15000000596046448,0.10000000149011612,0.019999999552965164,0.18269373769809366,target_2,-0.10000000149011612,0.0,0.019999999552965164,0.16485448274104467,target_3,-0.10000000149011612,0.10000000149011612,0.019999999552965164,0.19072755638847705,False,75
1,77,PICK_AND_PLACE,1.0,-0.008,-0.013,-1.0,0.028,0.001,0.132,0.0,0.0,0.0,0.039,AGARRADA,0.031,0.004,0.12,target,0,0.15,0.0,0.02,0.0119,0.1555,-0.1555,False,True,1,box,0.0,0.02,0.3,0.5,box,1.0,0.04,0.04,0.04,1.1,0.7,0.4,-0.3,ee,False,-0.6,0.0,0.05,script_1|reach_only|left_right,0.0,0.51,0.0,-1.88,-0.0,2.34,0.79,-0.0,0.0,0.0,0.0,-0.0,0.0,0.0,-0.014,-0.048,-0.003,0.0,-0.009,-0.0,goal_sequence,4,target,0.15000000596046448,0.0,0.019999999552965164,0.15548955433725298,target_1,0.15000000596046448,0.10000000149011612,0.019999999552965164,0.18269373769809366,target_2,-0.10000000149011612,0.0,0.019999999552965164,0.16485448274104467,target_3,-0.10000000149011612,0.10000000149011612,0.019999999552965164,0.19072755638847705,False,76
1,78,PICK_AND_PLACE,1.0,-0.008,-0.013,-1.0,0.028,0.001,0.132,0.0,0.0,-0.0,0.039,AGARRADA,0.031,0.003,0.12,target,0,0.15,0.0,0.02,0.0118,0.1555,-0.1555,False,True,1,box,0.0,0.02,0.3,0.5,box,1.0,0.04,0.04,0.04,1.1,0.7,0.4,-0.3,ee,False,-0.6,0.0,0.05,script_1|reach_only|left_right,0.0,0.51,0.0,-1.88,-0.0,2.34,0.79,-0.0,0.0,0.0,0.0,-0.0,0.0,0.0,-0.014,-0.048,-0.003,0.0,-0.009,-0.0,goal_sequence,4,target,0.15000000596046448,0.0,0.019999999552965164,0.15546704315705484,target_1,0.15000000596046448,0.10000000149011612,0.019999999552965164,0.1832211827193572,target_2,-0.10000000149011612,0.0,0.019999999552965164,0.1648332505285793,target_3,-0.10000000149011612,0.10000000149011612,0.019999999552965164,0.19123284437799884,False,77
1,79,PICK_AND_PLACE,1.0,-0.008,-0.013,-1.0,0.028,0.001,0.132,0.0,0.0,-0.0,0.039,AGARRADA,0.031,0.003,0.12,target,0,0.15,0.0,0.02,0.0118,0.1555,-0.1555,False,True,1,box,0.0,0.02,0.3,0.5,box,1.0,0.04,0.04,0.04,1.1,0.7,0.4,-0.3,ee,False,-0.6,0.0,0.05,script_1|reach_only|left_right,0.0,0.51,0.0,-1.88,-0.0,2.34,0.79,-0.0,0.0,0.0,0.0,-0.0,0.0,0.0,-0.014,-0.048,-0.003,0.0,-0.009,-0.0,goal_sequence,4,target,0.15000000596046448,0.0,0.019999999552965164,0.15546704315705484,target_1,0.15000000596046448,0.10000000149011612,0.019999999552965164,0.1832211827193572,target_2,-0.10000000149011612,0.0,0.019999999552965164,0.1648332505285793,target_3,-0.10000000149011612,0.10000000149011612,0.019999999552965164,0.19123284437799884,False,78
1,80,PICK_AND_PLACE,1.0,-0.008,-0.013,-1.0,0.028,0.001,0.132,0.0,0.0,-0.0,0.039,AGARRADA,0.031,0.003,0.12,target,0,0.15,0.0,0.02,0.0117,0.1555,-0.1555,False,True,1,box,0.0,0.02,0.3,0.5,box,1.0,0.04,0.04,0.04,1.1,0.7,0.4,-0.3,ee,False,-0.6,0.0,0.05,script_1|reach_only|left_right,0.0,0.51,0.0,-1.88,-0.0,2.34,0.79,-0.0,0.0,0.0,0.0,-0.0,0.0,0.0,-0.014,-0.048,-0.003,0.0,-0.009,-0.0,goal_sequence,4,target,0.15000000596046448,0.0,0.019999999552965164,0.15546704315705484,target_1,0.15000000596046448,0.10000000149011612,0.019999999552965164,0.1832211827193572,target_2,-0.10000000149011612,0.0,0.019999999552965164,0.1648332505285793,target_3,-0.10000000149011612,0.10000000149011612,0.019999999552965164,0.19123284437799884,False,79
1,81,PICK_AND_PLACE,1.0,-0.008,-0.013,-1.0,0.028,0.001,0.132,0.0,0.0,-0.0,0.039,AGARRADA,0.031,0.002,0.12,target,0,0.15,0.0,0.02,0.0117,0.1555,-0.1555,False,True,1,box,0.0,0.02,0.3,0.5,box,1.0,0.04,0.04,0.04,1.1,0.7,0.4,-0.3,ee,False,-0.6,0.0,0.05,script_1|reach_only|left_right,-0.0,0.51,0.0,-1.88,-0.0,2.34,0.79,-0.0,0.0,0.0,0.0,-0.0,0.0,0.0,-0.014,-0.048,-0.003,0.0,-0.009,-0.0,goal_sequence,4,target,0.15000000596046448,0.0,0.019999999552965164,0.15545096174677578,target_1,0.15000000596046448,0.10000000149011612,0.019999999552965164,0.1837525559007556,target_2,-0.10000000149011612,0.0,0.019999999552965164,0.16481808298793368,target_3,-0.10000000149011612,0.10000000149011612,0.019999999552965164,0.19174201618810663,False,80
1,82,PICK_AND_PLACE,1.0,-0.008,-0.013,-1.0,0.028,0.001,0.132,0.0,0.0,-0.0,0.039,AGARRADA,0.031,0.002,0.12,target,0,0.15,0.0,0.02,0.0116,0.1555,-0.1555,False,True,1,box,0.0,0.02,0.3,0.5,box,1.0,0.04,0.04,0.04,1.1,0.7,0.4,-0.3,ee,False,-0.6,0.0,0.05,script_1|reach_only|left_right,-0.0,0.51,0.0,-1.88,-0.0,2.34,0.79,-0.0,0.0,0.0,0.0,-0.0,0.0,0.0,-0.014,-0.048,-0.003,0.0,-0.009,-0.0,goal_sequence,4,target,0.15000000596046448,0.0,0.019999999552965164,0.15545096174677578,target_1,0.15000000596046448,0.10000000149011612,0.019999999552965164,0.1837525559007556,target_2,-0.10000000149011612,0.0,0.019999999552965164,0.16481808298793368,target_3,-0.10000000149011612,0.10000000149011612,0.019999999552965164,0.19174201618810663,False,81
1,83,PICK_AND_PLACE,1.0,-0.008,-0.013,-1.0,0.028,0.001,0.132,0.0,0.0,-0.0,0.039,AGARRADA,0.031,0.002,0.12,target,0,0.15,0.0,0.02,0.0116,0.1555,-0.1555,False,True,1,box,0.0,0.02,0.3,0.5,box,1.0,0.04,0.04,0.04,1.1,0.7,0.4,-0.3,ee,False,-0.6,0.0,0.05,script_1|reach_only|left_right,-0.0,0.51,0.0,-1.88,-0.0,2.34,0.79,-0.0,0.0,0.0,0.0,-0.0,0.0,0.0,-0.014,-0.048,-0.003,0.0,-0.01,-0.0,goal_sequence,4,target,0.15000000596046448,0.0,0.019999999552965164,0.15545096174677578,target_1,0.15000000596046448,0.10000000149011612,0.019999999552965164,0.1837525559007556,target_2,-0.10000000149011612,0.0,0.019999999552965164,0.16481808298793368,target_3,-0.10000000149011612,0.10000000149011612,0.019999999552965164,0.19174201618810663,False,82
1,84,PICK_AND_PLACE,1.0,-0.008,-0.013,-1.0,0.028,0.001,0.132,0.0,0.0,-0.0,0.039,AGARRADA,0.031,0.001,0.12,target,0,0.15,0.0,0.02,0.0116,0.1555,-0.1555,False,True,1,box,0.0,0.02,0.3,0.5,box,1.0,0.04,0.04,0.04,1.1,0.7,0.4,-0.3,ee,False,-0.6,0.0,0.05,script_1|reach_only|left_right,-0.0,0.51,0.0,-1.88,-0.0,2.34,0.79,-0.0,0.0,0.0,-0.0,0.0,0.0,0.0,-0.014,-0.048,-0.003,0.0,-0.01,-0.0,goal_sequence,4,target,0.15000000596046448,0.0,0.019999999552965164,0.15544131210201986,target_1,0.15000000596046448,0.10000000149011612,0.019999999552965164,0.18428782326307006,target_2,-0.10000000149011612,0.0,0.019999999552965164,0.16480898179352177,target_3,-0.10000000149011612,0.10000000149011612,0.019999999552965164,0.1922550409608559,False,83
1,85,PICK_AND_PLACE,1.0,-0.008,-0.013,-1.0,0.028,0.001,0.132,0.0,0.0,-0.0,0.039,AGARRADA,0.031,0.001,0.12,target,0,0.15,0.0,0.02,0.0116,0.1555,-0.1555,False,True,1,box,0.0,0.02,0.3,0.5,box,1.0,0.04,0.04,0.04,1.1,0.7,0.4,-0.3,ee,False,-0.6,0.0,0.05,script_1|reach_only|left_right,-0.0,0.51,0.0,-1.88,-0.0,2.34,0.79,0.0,0.0,0.0,-0.0,0.0,0.0,0.0,-0.014,-0.048,-0.003,0.0,-0.01,-0.0,goal_sequence,4,target,0.15000000596046448,0.0,0.019999999552965164,0.15544131210201986,target_1,0.15000000596046448,0.10000000149011612,0.019999999552965164,0.18428782326307006,target_2,-0.10000000149011612,0.0,0.019999999552965164,0.16480898179352177,target_3,-0.10000000149011612,0.10000000149011612,0.019999999552965164,0.1922550409608559,False,84
1,86,PICK_AND_PLACE,1.0,-0.008,-0.013,-1.0,0.028,0.001,0.132,-0.0,0.001,-0.0,0.039,AGARRADA,0.031,0.0,0.12,target,0,0.15,0.0,0.02,0.0116,0.1555,-0.1555,False,True,1,box,0.0,0.02,0.3,0.5,box,1.0,0.04,0.04,0.04,1.1,0.7,0.4,-0.3,ee,False,-0.6,0.0,0.05,script_1|reach_only|left_right,-0.0,0.51,0.0,-1.88,-0.0,2.34,0.79,-0.0,0.0,0.0,0.0,-0.0,-0.0,0.01,-0.014,-0.048,-0.003,0.0,-0.01,-0.0,goal_sequence,4,target,0.15000000596046448,0.0,0.019999999552965164,0.15543809542064502,target_1,0.15000000596046448,0.10000000149011612,0.019999999552965164,0.18482695097312182,target_2,-0.10000000149011612,0.0,0.019999999552965164,0.16480594795036188,target_3,-0.10000000149011612,0.10000000149011612,0.019999999552965164,0.19277188793452385,False,85
1,87,PICK_AND_PLACE,1.0,-0.008,-0.013,-1.0,0.028,0.001,0.132,-0.0,0.0,-0.0,0.039,AGARRADA,0.031,0.0,0.12,target,0,0.15,0.0,0.02,0.0116,0.1555,-0.1555,False,True,1,box,0.0,0.02,0.3,0.5,box,1.0,0.04,0.04,0.04,1.1,0.7,0.4,-0.3,ee,False,-0.6,0.0,0.05,script_1|reach_only|left_right,-0.0,0.51,0.0,-1.88,-0.0,2.34,0.79,-0.0,-0.0,0.0,-0.0,-0.0,-0.0,0.01,-0.014,-0.048,-0.003,-0.0,-0.01,-0.0,goal_sequence,4,target,0.15000000596046448,0.0,0.019999999552965164,0.15543809542064502,target_1,0.15000000596046448,0.10000000149011612,0.019999999552965164,0.18482695097312182,target_2,-0.10000000149011612,0.0,0.019999999552965164,0.16480594795036188,target_3,-0.10000000149011612,0.10000000149011612,0.019999999552965164,0.19277188793452385,False,86
1,88,PICK_AND_PLACE,1.0,-0.009,-0.013,-1.0,0.028,0.001,0.132,-0.0,0.0,-0.0,0.039,AGARRADA,0.031,-0.0,0.12,target,0,0.15,0.0,0.02,0.0117,0.1555,-0.1555,False,True,1,box,0.0,0.02,0.3,0.5,box,1.0,0.04,0.04,0.04,1.1,0.7,0.4,-0.3,ee,False,-0.6,0.0,0.05,script_1|reach_only|left_right,-0.0,0.51,0.0,-1.88,-0.0,2.34,0.79,-0.0,-0.0,0.0,-0.0,-0.0,-0.0,0.0,-0.014,-0.048,-0.004,-0.0,-0.01,-0.0,goal_sequence,4,target,0.15000000596046448,0.0,0.019999999552965164,0.15543809542064502,target_1,0.15000000596046448,0.10000000149011612,0.019999999552965164,0.18482695097312182,target_2,-0.10000000149011612,0.0,0.019999999552965164,0.16480594795036188,target_3,-0.10000000149011612,0.10000000149011612,0.019999999552965164,0.19277188793452385,False,87
1,89,PICK_AND_PLACE,1.0,-0.009,-0.013,-1.0,0.028,0.001,0.132,-0.0,0.0,-0.0,0.039,AGARRADA,0.031,-0.001,0.12,target,0,0.15,0.0,0.02,0.0117,0.1555,-0.1555,False,True,1,box,0.0,0.02,0.3,0.5,box,1.0,0.04,0.04,0.04,1.1,0.7,0.4,-0.3,ee,False,-0.6,0.0,0.05,script_1|reach_only|left_right,-0.0,0.51,0.0,-1.88,-0.0,2.34,0.79,-0.0,-0.0,0.0,-0.0,-0.0,0.0,0.0,-0.014,-0.048,-0.004,-0.0,-0.01,-0.0,goal_sequence,4,target,0.15000000596046448,0.0,0.019999999552965164,0.15544131210201986,target_1,0.15000000596046448,0.10000000149011612,0.019999999552965164,0.18536990534874048,target_2,-0.10000000149011612,0.0,0.019999999552965164,0.16480898179352177,target_3,-0.10000000149011612,0.10000000149011612,0.019999999552965164,0.19329252644843992,False,88
1,90,PICK_AND_PLACE,1.0,-0.009,-0.013,-1.0,0.028,0.001,0.132,-0.0,0.0,-0.0,0.039,AGARRADA,0.031,-0.001,0.12,target,0,0.15,0.0,0.02,0.0118,0.1555,-0.1555,False,True,1,box,0.0,0.02,0.3,0.5,box,1.0,0.04,0.04,0.04,1.1,0.7,0.4,-0.3,ee,False,-0.6,0.0,0.05,script_1|reach_only|left_right,-0.0,0.51,0.0,-1.88,-0.0,2.34,0.79,-0.0,-0.0,0.0,-0.0,-0.0,0.0,0.0,-0.014,-0.048,-0.004,-0.0,-0.01,-0.0,goal_sequence,4,target,0.15000000596046448,0.0,0.019999999552965164,0.15544131210201986,target_1,0.15000000596046448,0.10000000149011612,0.019999999552965164,0.18536990534874048,target_2,-0.10000000149011612,0.0,0.019999999552965164,0.16480898179352177,target_3,-0.10000000149011612,0.10000000149011612,0.019999999552965164,0.19329252644843992,False,89
1,91,PICK_AND_PLACE,1.0,-0.009,-0.013,-1.0,0.028,0.001,0.132,-0.0,0.0,-0.0,0.039,AGARRADA,0.031,-0.002,0.12,target,0,0.15,0.0,0.02,0.0119,0.1555,-0.1555,False,True,1,box,0.0,0.02,0.3,0.5,box,1.0,0.04,0.04,0.04,1.1,0.7,0.4,-0.3,ee,False,-0.6,0.0,0.05,script_1|reach_only|left_right,-0.0,0.51,0.0,-1.88,-0.0,2.34,0.79,-0.0,-0.0,0.0,-0.0,-0.0,0.0,0.0,-0.014,-0.048,-0.004,-0.0,-0.01,-0.0,goal_sequence,4,target,0.15000000596046448,0.0,0.019999999552965164,0.15545096174677578,target_1,0.15000000596046448,0.10000000149011612,0.019999999552965164,0.18591665286353787,target_2,-0.10000000149011612,0.0,0.019999999552965164,0.16481808298793368,target_3,-0.10000000149011612,0.10000000149011612,0.019999999552965164,0.19381692594766092,False,90
1,92,PICK_AND_PLACE,1.0,-0.009,-0.013,-1.0,0.028,0.001,0.132,-0.0,0.0,-0.0,0.039,AGARRADA,0.031,-0.002,0.12,target,0,0.15,0.0,0.02,0.012,0.1555,-0.1555,False,True,1,box,0.0,0.02,0.3,0.5,box,1.0,0.04,0.04,0.04,1.1,0.7,0.4,-0.3,ee,False,-0.6,0.0,0.05,script_1|reach_only|left_right,-0.0,0.51,0.0,-1.88,-0.0,2.34,0.79,-0.0,-0.0,0.0,-0.0,-0.0,0.0,0.0,-0.014,-0.048,-0.004,-0.0,-0.01,-0.0,goal_sequence,4,target,0.15000000596046448,0.0,0.019999999552965164,0.15545096174677578,target_1,0.15000000596046448,0.10000000149011612,0.019999999552965164,0.18591665286353787,target_2,-0.10000000149011612,0.0,0.019999999552965164,0.16481808298793368,target_3,-0.10000000149011612,0.10000000149011612,0.019999999552965164,0.19381692594766092,False,91
1,93,PICK_AND_PLACE,1.0,-0.009,-0.013,-1.0,0.028,0.001,0.132,-0.0,0.0,-0.0,0.039,AGARRADA,0.031,-0.002,0.12,target,0,0.15,0.0,0.02,0.0121,0.1555,-0.1555,False,True,1,box,0.0,0.02,0.3,0.5,box,1.0,0.04,0.04,0.04,1.1,0.7,0.4,-0.3,ee,False,-0.6,0.0,0.05,script_1|reach_only|left_right,-0.0,0.51,0.0,-1.88,-0.0,2.34,0.79,-0.0,-0.0,0.0,-0.0,-0.0,0.0,0.0,-0.014,-0.048,-0.004,-0.0,-0.01,-0.0,goal_sequence,4,target,0.15000000596046448,0.0,0.019999999552965164,0.15545096174677578,target_1,0.15000000596046448,0.10000000149011612,0.019999999552965164,0.18591665286353787,target_2,-0.10000000149011612,0.0,0.019999999552965164,0.16481808298793368,target_3,-0.10000000149011612,0.10000000149011612,0.019999999552965164,0.19381692594766092,False,92
1,94,PICK_AND_PLACE,1.0,-0.009,-0.013,-1.0,0.028,0.001,0.132,-0.0,0.0,-0.0,0.039,AGARRADA,0.031,-0.003,0.12,target,0,0.15,0.0,0.02,0.0122,0.1555,-0.1555,False,True,1,box,0.0,0.02,0.3,0.5,box,1.0,0.04,0.04,0.04,1.1,0.7,0.4,-0.3,ee,False,-0.6,0.0,0.05,script_1|reach_only|left_right,-0.0,0.51,0.0,-1.88,-0.0,2.34,0.79,-0.0,-0.0,0.0,-0.0,-0.0,0.0,0.0,-0.014,-0.048,-0.004,-0.0,-0.01,-0.0,goal_sequence,4,target,0.15000000596046448,0.0,0.019999999552965164,0.15546704315705484,target_1,0.15000000596046448,0.10000000149011612,0.019999999552965164,0.18646716015149012,target_2,-0.10000000149011612,0.0,0.019999999552965164,0.1648332505285793,target_3,-0.10000000149011612,0.10000000149011612,0.019999999552965164,0.1943450559874918,False,93
1,95,PICK_AND_PLACE,1.0,-0.009,-0.013,-1.0,0.028,0.001,0.132,-0.0,0.0,-0.0,0.039,AGARRADA,0.031,-0.003,0.12,target,0,0.15,0.0,0.02,0.0124,0.1555,-0.1555,False,True,1,box,0.0,0.02,0.3,0.5,box,1.0,0.04,0.04,0.04,1.1,0.7,0.4,-0.3,ee,False,-0.6,0.0,0.05,script_1|reach_only|left_right,-0.0,0.51,0.0,-1.88,-0.0,2.34,0.79,-0.0,-0.0,0.0,-0.0,-0.0,0.0,0.0,-0.014,-0.048,-0.004,-0.0,-0.011,-0.0,goal_sequence,4,target,0.15000000596046448,0.0,0.019999999552965164,0.15546704315705484,target_1,0.15000000596046448,0.10000000149011612,0.019999999552965164,0.18646716015149012,target_2,-0.10000000149011612,0.0,0.019999999552965164,0.1648332505285793,target_3,-0.10000000149011612,0.10000000149011612,0.019999999552965164,0.1943450559874918,False,94
1,96,PICK_AND_PLACE,1.0,-0.009,-0.013,-1.0,0.028,0.001,0.132,-0.0,0.0,-0.0,0.039,AGARRADA,0.031,-0.004,0.12,target,0,0.15,0.0,0.02,0.0125,0.1555,-0.1555,False,True,1,box,0.0,0.02,0.3,0.5,box,1.0,0.04,0.04,0.04,1.1,0.7,0.4,-0.3,ee,False,-0.6,0.0,0.05,script_1|reach_only|left_right,-0.0,0.51,0.0,-1.88,-0.0,2.34,0.79,-0.0,-0.0,0.0,-0.0,-0.0,0.0,0.0,-0.014,-0.048,-0.004,-0.0,-0.011,-0.0,goal_sequence,4,target,0.15000000596046448,0.0,0.019999999552965164,0.15548955433725298,target_1,0.15000000596046448,0.10000000149011612,0.019999999552965164,0.18702139401133153,target_2,-0.10000000149011612,0.0,0.019999999552965164,0.16485448274104467,target_3,-0.10000000149011612,0.10000000149011612,0.019999999552965164,0.19487688623785415,False,95
1,97,PICK_AND_PLACE,1.0,-0.009,-0.013,-1.0,0.028,0.001,0.132,-0.0,0.0,-0.0,0.039,AGARRADA,0.031,-0.004,0.12,target,0,0.15,0.0,0.02,0.0127,0.1555,-0.1555,False,True,1,box,0.0,0.02,0.3,0.5,box,1.0,0.04,0.04,0.04,1.1,0.7,0.4,-0.3,ee,False,-0.6,0.0,0.05,script_1|reach_only|left_right,-0.0,0.51,0.0,-1.88,-0.0,2.34,0.79,-0.0,-0.0,0.0,-0.0,-0.0,0.0,0.0,-0.014,-0.048,-0.004,-0.0,-0.011,-0.0,goal_sequence,4,target,0.15000000596046448,0.0,0.019999999552965164,0.15548955433725298,target_1,0.15000000596046448,0.10000000149011612,0.019999999552965164,0.18702139401133153,target_2,-0.10000000149011612,0.0,0.019999999552965164,0.16485448274104467,target_3,-0.10000000149011612,0.10000000149011612,0.019999999552965164,0.19487688623785415,False,96
1,98,PICK_AND_PLACE,1.0,-0.009,-0.013,-1.0,0.028,0.001,0.132,-0.0,0.0,-0.0,0.039,AGARRADA,0.031,-0.005,0.12,target,0,0.15,0.0,0.02,0.0129,0.1556,-0.1556,False,True,1,box,0.0,0.02,0.3,0.5,box,1.0,0.04,0.04,0.04,1.1,0.7,0.4,-0.3,ee,False,-0.6,0.0,0.05,script_1|reach_only|left_right,-0.0,0.51,0.0,-1.88,-0.0,2.34,0.79,-0.0,-0.0,0.0,-0.0,-0.0,0.0,0.0,-0.014,-0.048,-0.004,-0.0,-0.011,-0.0,goal_sequence,4,target,0.15000000596046448,0.0,0.019999999552965164,0.1555184924952578,target_1,0.15000000596046448,0.10000000149011612,0.019999999552965164,0.18757932141076195,target_2,-0.10000000149011612,0.0,0.019999999552965164,0.16488177728244377,target_3,-0.10000000149011612,0.10000000149011612,0.019999999552965164,0.19541238648750436,False,97
1,99,PICK_AND_PLACE,1.0,-0.009,-0.013,-1.0,0.028,0.001,0.132,-0.0,0.0,-0.0,0.039,AGARRADA,0.031,-0.005,0.12,target,0,0.15,0.0,0.02,0.0131,0.1556,-0.1556,False,True,1,box,0.0,0.02,0.3,0.5,box,1.0,0.04,0.04,0.04,1.1,0.7,0.4,-0.3,ee,False,-0.6,0.0,0.05,script_1|reach_only|left_right,-0.0,0.51,0.0,-1.88,-0.0,2.34,0.79,-0.0,-0.0,0.0,-0.0,-0.0,0.0,0.0,-0.014,-0.048,-0.004,-0.0,-0.011,-0.0,goal_sequence,4,target,0.15000000596046448,0.0,0.019999999552965164,0.1555184924952578,target_1,0.15000000596046448,0.10000000149011612,0.019999999552965164,0.18757932141076195,target_2,-0.10000000149011612,0.0,0.019999999552965164,0.16488177728244377,target_3,-0.10000000149011612,0.10000000149011612,0.019999999552965164,0.19541238648750436,False,98
1,100,PICK_AND_PLACE,1.0,-0.009,-0.013,-1.0,0.028,0.001,0.132,-0.0,0.0,-0.0,0.039,AGARRADA,0.031,-0.005,0.12,target,0,0.15,0.0,0.02,0.0133,0.1556,-0.1556,False,True,1,box,0.0,0.02,0.3,0.5,box,1.0,0.04,0.04,0.04,1.1,0.7,0.4,-0.3,ee,False,-0.6,0.0,0.05,script_1|reach_only|left_right,-0.0,0.51,0.0,-1.88,-0.0,2.34,0.79,-0.0,-0.0,0.0,-0.0,-0.0,0.0,0.0,-0.014,-0.048,-0.004,-0.0,-0.011,-0.0,goal_sequence,4,target,0.15000000596046448,0.0,0.019999999552965164,0.1555184924952578,target_1,0.15000000596046448,0.10000000149011612,0.019999999552965164,0.18757932141076195,target_2,-0.10000000149011612,0.0,0.019999999552965164,0.16488177728244377,target_3,-0.10000000149011612,0.10000000149011612,0.019999999552965164,0.19541238648750436,False,99
